<?xml version="1.0" encoding="UTF-8" standalone="yes"?>
<addon id="script.module.cmpl"
       name="Extra Language Strings for pkscout's Confluence Mod"
       version="1.0.0"
       provider-name="pkscout">
  <requires>
    <import addon="xbmc.python" version="2.1.0"/>
  </requires>
  <extension point="xbmc.python.module" library="default.py" />
  <extension point="xbmc.addon.metadata">
    <summary>Extra Language Strings for pkscout's Confluence Mod</summary>
    <description>These are extra language strings I didn't want to find space to squeeze into the existing Confluence language files.</description>
    <platform>all</platform>
    <language></language>
    <license></license>
    <forum></forum>
    <website></website>
    <source></source>
    <email></email>
  </extension>
</addon>
