<?xml version="1.0" encoding="utf-8"?>
<window>
	<onload condition="System.HasAddon(script.artistslideshow)">RunScript(script.artistslideshow)</onload>
	<defaultcontrol></defaultcontrol>
	<backgroundcolor>background</backgroundcolor>
	<controls>
		<control type="visualisation">
			<include>FullScreenDimensions</include>
			<visible>Player.HasAudio</visible>
		</control>
		<control type="multiimage">
			<left>0</left>
			<top>0</top>
			<width>100%</width>
			<height>100%</height>
		    <imagepath background="true">$INFO[Window(Visualisation).Property(ArtistSlideshow)]</imagepath>
		    <aspectratio>keep</aspectratio>
		    <timeperimage>10000</timeperimage>
		    <fadetime>2000</fadetime>
			<randomize>true</randomize>
			<animation effect="fade" start="0" end="100" time="400">WindowOpen</animation>
			<animation effect="fade" start="100" end="0" time="300">WindowClose</animation>
			<visible>System.HasAddon(script.artistslideshow) + String.IsEqual(Window(Visualisation).Property(ArtistSlideshow.ArtworkReady),true)</visible>
		</control>
		<control type="image">
			<left>0</left>
			<top>0</top>
			<width>100%</width>
			<height>100%</height>
			<aspectratio>scale</aspectratio>
			<fadetime>400</fadetime>
			<animation effect="fade" start="0" end="100" time="400">WindowOpen</animation>
			<animation effect="fade" start="100" end="0" time="300">WindowClose</animation>
			<texture background="true">$INFO[Player.Art(fanart)]</texture>
			<visible>!Skin.HasSetting(hide_background_fanart) + [!System.HasAddon(script.artistslideshow) | !String.IsEqual(Window(Visualisation).Property(ArtistSlideshow.ArtworkReady),true)]</visible>
		</control>
		<control type="image">
			<left>0</left>
			<top>0</top>
			<width>100%</width>
			<height>100%</height>
			<aspectratio>scale</aspectratio>
			<fadetime>400</fadetime>
			<animation effect="fade" start="0" end="100" time="400">WindowOpen</animation>
			<animation effect="fade" start="100" end="0" time="300">WindowClose</animation>
			<texture background="true" colordiffuse="$VAR[BackgroundDiffusion]">colors/black.png</texture>
			<visible>Player.ShowInfo | Window.IsActive(musicosd)</visible>
		</control>
		<control type="group">
			<animation effect="fade" start="100" end="30" time="0" condition="!String.IsEmpty(Player.Art(fanart)) | Visualisation.Enabled">Conditional</animation>
			<include>ColoredBackgroundImages</include>
		</control>
		<control type="group">
			<bottom>0</bottom>
			<height>1080</height>
			<include>OpenClose_Left</include>
			<control type="image">
				<left>33</left>
				<top>200</top>
				<include>Visible_Left</include>
				<visible>[Player.ShowInfo | Window.IsActive(musicosd)] + !MusicPlayer.Content(livetv)</visible>
				<width>500</width>
				<height>500</height>
				<fadetime>400</fadetime>
				<aspectratio aligny="bottom">keep</aspectratio>
				<texture fallback="DefaultAlbumCover.png" border="2">$INFO[MusicPlayer.Cover]</texture>
				<bordertexture colordiffuse="border_alpha">colors/black.png</bordertexture>
				<bordersize>4</bordersize>
			</control>
			<control type="group">
				<top>-30</top>
				<visible>[Player.ShowInfo | Window.IsActive(musicosd)] + ![Window.IsActive(playerprocessinfo) | MusicPlayer.Content(livetv)]</visible>
				<include>Visible_Left</include>
				<control type="textbox" id="1012">
					<top>165</top>
					<right>10</right>
					<width>50%</width>
					<height>570</height>
					<description>Artist Biography from Artist Slideshow</description>
					<align>right</align>
					<aligny>top</aligny>
					<font>font13</font>
					<scroll>true</scroll>
					<wrapmultiline>true</wrapmultiline>
					<autoscroll time="2000" delay="10000" repeat="5000"></autoscroll>
					<label>$INFO[Window(Visualisation).Property(ArtistSlideshow.ArtistBiography)]</label>
					<visible>Skin.HasSetting(show_artist_bio)</visible>
				</control>
				<control type="group">
					<left>30</left>
					<top>740</top>
					<control type="label">
						<top>0</top>
						<width>1600</width>
						<height>40</height>
						<label>$INFO[MusicPlayer.Artist]</label>
						<font>font60</font>
						<shadowcolor>black</shadowcolor>
						<scroll>true</scroll>
					</control>
					<control type="label">
						<top>80</top>
						<width>1600</width>
						<height>40</height>
						<label>$INFO[MusicPlayer.Album]$INFO[MusicPlayer.Year,[COLOR button_focus] [,][/COLOR]]</label>
						<font>font37</font>
						<shadowcolor>black</shadowcolor>
						<scroll>true</scroll>
					</control>
					<control type="label">
						<top>127</top>
						<width>1600</width>
						<height>40</height>
						<label>$INFO[MusicPlayer.TrackNumber,,: ][COLOR=white]$INFO[Player.Title][/COLOR]</label>
						<font>font45</font>
						<shadowcolor>black</shadowcolor>
						<textcolor>button_focus</textcolor>
						<scroll>true</scroll>
					</control>
				</control>
			</control>
		</control>
	</controls>
</window>
