<includes>
    <include name="DefaultRecentlyAddedAlbums">
					<content>
						<item>
							<label>$INFO[Window.Property(LatestAlbum.1.Title)]</label>
							<label2>$INFO[Window.Property(LatestAlbum.1.Artist)]</label2>
							<onclick>PlayList.Clear</onclick>
							<onclick>PlayMedia(&quot;$INFO[Window.Property(LatestAlbum.1.Path)]&quot;)</onclick>
							<icon>-</icon>
							<thumb>$INFO[Window.Property(LatestAlbum.1.Thumb)]</thumb>
							<visible>!IsEmpty(Window.Property(LatestAlbum.1.Title))</visible>
						</item>
						<item>
							<label>$INFO[Window.Property(LatestAlbum.2.Title)]</label>
							<label2>$INFO[Window.Property(LatestAlbum.2.Artist)]</label2>
							<onclick>PlayList.Clear</onclick>
							<onclick>PlayMedia(&quot;$INFO[Window.Property(LatestAlbum.2.Path)]&quot;)</onclick>
							<icon>-</icon>
							<thumb>$INFO[Window.Property(LatestAlbum.2.Thumb)]</thumb>
							<visible>!IsEmpty(Window.Property(LatestAlbum.2.Title))</visible>
						</item>
						<item>
							<label>$INFO[Window.Property(LatestAlbum.3.Title)]</label>
							<label2>$INFO[Window.Property(LatestAlbum.3.Artist)]</label2>
							<onclick>PlayList.Clear</onclick>
							<onclick>PlayMedia(&quot;$INFO[Window.Property(LatestAlbum.3.Path)]&quot;)</onclick>
							<icon>-</icon>
							<thumb>$INFO[Window.Property(LatestAlbum.3.Thumb)]</thumb>
							<visible>!IsEmpty(Window.Property(LatestAlbum.3.Title))</visible>
						</item>
						<item>
							<label>$INFO[Window.Property(LatestAlbum.4.Title)]</label>
							<label2>$INFO[Window.Property(LatestAlbum.4.Artist)]</label2>
							<onclick>PlayList.Clear</onclick>
							<onclick>PlayMedia(&quot;$INFO[Window.Property(LatestAlbum.4.Path)]&quot;)</onclick>
							<icon>-</icon>
							<thumb>$INFO[Window.Property(LatestAlbum.4.Thumb)]</thumb>
							<visible>!IsEmpty(Window.Property(LatestAlbum.4.Title))</visible>
						</item>
						<item>
							<label>$INFO[Window.Property(LatestAlbum.5.Title)]</label>
							<label2>$INFO[Window.Property(LatestAlbum.5.Artist)]</label2>
							<onclick>PlayList.Clear</onclick>
							<onclick>PlayMedia(&quot;$INFO[Window.Property(LatestAlbum.5.Path)]&quot;)</onclick>
							<icon>-</icon>
							<thumb>$INFO[Window.Property(LatestAlbum.5.Thumb)]</thumb>
							<visible>!IsEmpty(Window.Property(LatestAlbum.5.Title))</visible>
						</item>
						<item>
							<label>$INFO[Window.Property(LatestAlbum.6.Title)]</label>
							<label2>$INFO[Window.Property(LatestAlbum.6.Artist)]</label2>
							<onclick>PlayList.Clear</onclick>
							<onclick>PlayMedia(&quot;$INFO[Window.Property(LatestAlbum.6.Path)]&quot;)</onclick>
							<icon>-</icon>
							<thumb>$INFO[Window.Property(LatestAlbum.6.Thumb)]</thumb>
							<visible>!IsEmpty(Window.Property(LatestAlbum.6.Title))</visible>
						</item>
						<item>
							<label>$INFO[Window.Property(LatestAlbum.7.Title)]</label>
							<label2>$INFO[Window.Property(LatestAlbum.7.Artist)]</label2>
							<onclick>PlayList.Clear</onclick>
							<onclick>PlayMedia(&quot;$INFO[Window.Property(LatestAlbum.7.Path)]&quot;)</onclick>
							<icon>-</icon>
							<thumb>$INFO[Window.Property(LatestAlbum.7.Thumb)]</thumb>
							<visible>!IsEmpty(Window.Property(LatestAlbum.7.Title))</visible>
						</item>
						<item>
							<label>$INFO[Window.Property(LatestAlbum.8.Title)]</label>
							<label2>$INFO[Window.Property(LatestAlbum.8.Artist)]</label2>
							<onclick>PlayList.Clear</onclick>
							<onclick>PlayMedia(&quot;$INFO[Window.Property(LatestAlbum.8.Path)]&quot;)</onclick>
							<icon>-</icon>
							<thumb>$INFO[Window.Property(LatestAlbum.8.Thumb)]</thumb>
							<visible>!IsEmpty(Window.Property(LatestAlbum.8.Title))</visible>
						</item>
						<item>
							<label>$INFO[Window.Property(LatestAlbum.9.Title)]</label>
							<label2>$INFO[Window.Property(LatestAlbum.9.Artist)]</label2>
							<onclick>PlayList.Clear</onclick>
							<onclick>PlayMedia(&quot;$INFO[Window.Property(LatestAlbum.9.Path)]&quot;)</onclick>
							<icon>-</icon>
							<thumb>$INFO[Window.Property(LatestAlbum.9.Thumb)]</thumb>
							<visible>!IsEmpty(Window.Property(LatestAlbum.9.Title))</visible>
						</item>
						<item>
							<label>$INFO[Window.Property(LatestAlbum.10.Title)]</label>
							<label2>$INFO[Window.Property(LatestAlbum.10.Artist)]</label2>
							<onclick>PlayList.Clear</onclick>
							<onclick>PlayMedia(&quot;$INFO[Window.Property(LatestAlbum.10.Path)]&quot;)</onclick>
							<icon>-</icon>
							<thumb>$INFO[Window.Property(LatestAlbum.10.Thumb)]</thumb>
							<visible>!IsEmpty(Window.Property(LatestAlbum.10.Title))</visible>
						</item>
					</content>
    </include>
	<include name="LDPRecentlyAddedAlbumns">
		<content target="music">plugin://service.library.data.provider?type=recentalbums&amp;reload=$INFO[Window.Property(recentalbums)]</content>
	</include>
	<include name="LDPRandomAlbums">
		<content target="music">plugin://service.library.data.provider?type=randomalbums&amp;reload=$INFO[Window.Property(randomalbums)]</content>
	</include>
    <include name="DefaultRecentlyAddedTV">
					<content>
						<item>
							<label>$INFO[Window.Property(LatestEpisode.1.EpisodeTitle)]</label>
							<label2>$INFO[Window.Property(LatestEpisode.1.ShowTitle)] - $INFO[Window.Property(LatestEpisode.1.EpisodeNo)]</label2>
							<onclick>PlayMedia($ESCINFO[Window.Property(LatestEpisode.1.Path)])</onclick>
							<icon>-</icon>
							<thumb>$INFO[Window.Property(LatestEpisode.1.Thumb)]</thumb>
							<visible>!IsEmpty(Window.Property(LatestEpisode.1.EpisodeTitle)) + Skin.HasSetting(HomepageShowSeasonEpisodes)</visible>
						</item>
						<item>
							<label>$INFO[Window.Property(LatestEpisode.1.EpisodeTitle)]</label>
							<label2>$INFO[Window.Property(LatestEpisode.1.ShowTitle)]</label2>
							<onclick>PlayMedia($ESCINFO[Window.Property(LatestEpisode.1.Path)])</onclick>
							<icon>-</icon>
							<thumb>$INFO[Window.Property(LatestEpisode.1.Thumb)]</thumb>
							<visible>!IsEmpty(Window.Property(LatestEpisode.1.EpisodeTitle)) + !Skin.HasSetting(HomepageShowSeasonEpisodes)</visible>
						</item>
						<item>
							<label>$INFO[Window.Property(Latestepisode.2.EpisodeTitle)]</label>
							<label2>$INFO[Window.Property(Latestepisode.2.ShowTitle)] - $INFO[Window.Property(Latestepisode.2.EpisodeNo)]</label2>
							<onclick>PlayMedia($ESCINFO[Window.Property(Latestepisode.2.Path)])</onclick>
							<icon>-</icon>
							<thumb>$INFO[Window.Property(Latestepisode.2.Thumb)]</thumb>
							<visible>!IsEmpty(Window.Property(Latestepisode.2.EpisodeTitle)) + Skin.HasSetting(HomepageShowSeasonEpisodes)</visible>
						</item>
						<item>
							<label>$INFO[Window.Property(Latestepisode.2.EpisodeTitle)]</label>
							<label2>$INFO[Window.Property(Latestepisode.2.ShowTitle)]</label2>
							<onclick>PlayMedia($ESCINFO[Window.Property(Latestepisode.2.Path)])</onclick>
							<icon>-</icon>
							<thumb>$INFO[Window.Property(Latestepisode.2.Thumb)]</thumb>
							<visible>!IsEmpty(Window.Property(Latestepisode.2.EpisodeTitle)) + !Skin.HasSetting(HomepageShowSeasonEpisodes)</visible>
						</item>
						<item>
							<label>$INFO[Window.Property(Latestepisode.3.EpisodeTitle)]</label>
							<label2>$INFO[Window.Property(Latestepisode.3.ShowTitle)] - $INFO[Window.Property(Latestepisode.3.EpisodeNo)]</label2>
							<onclick>PlayMedia($ESCINFO[Window.Property(Latestepisode.3.Path)])</onclick>
							<icon>-</icon>
							<thumb>$INFO[Window.Property(Latestepisode.3.Thumb)]</thumb>
							<visible>!IsEmpty(Window.Property(Latestepisode.3.EpisodeTitle)) + Skin.HasSetting(HomepageShowSeasonEpisodes)</visible>
						</item>
						<item>
							<label>$INFO[Window.Property(Latestepisode.3.EpisodeTitle)]</label>
							<label2>$INFO[Window.Property(Latestepisode.3.ShowTitle)]</label2>
							<onclick>PlayMedia($ESCINFO[Window.Property(Latestepisode.3.Path)])</onclick>
							<icon>-</icon>
							<thumb>$INFO[Window.Property(Latestepisode.3.Thumb)]</thumb>
							<visible>!IsEmpty(Window.Property(Latestepisode.3.EpisodeTitle)) + !Skin.HasSetting(HomepageShowSeasonEpisodes)</visible>
						</item>
						<item>
							<label>$INFO[Window.Property(Latestepisode.4.EpisodeTitle)]</label>
							<label2>$INFO[Window.Property(Latestepisode.4.ShowTitle)] - $INFO[Window.Property(Latestepisode.4.EpisodeNo)]</label2>
							<onclick>PlayMedia($ESCINFO[Window.Property(Latestepisode.4.Path)])</onclick>
							<icon>-</icon>
							<thumb>$INFO[Window.Property(Latestepisode.4.Thumb)]</thumb>
							<visible>!IsEmpty(Window.Property(Latestepisode.4.EpisodeTitle)) + Skin.HasSetting(HomepageShowSeasonEpisodes)</visible>
						</item>
						<item>
							<label>$INFO[Window.Property(Latestepisode.4.EpisodeTitle)]</label>
							<label2>$INFO[Window.Property(Latestepisode.4.ShowTitle)]</label2>
							<onclick>PlayMedia($ESCINFO[Window.Property(Latestepisode.4.Path)])</onclick>
							<icon>-</icon>
							<thumb>$INFO[Window.Property(Latestepisode.4.Thumb)]</thumb>
							<visible>!IsEmpty(Window.Property(Latestepisode.4.EpisodeTitle)) + !Skin.HasSetting(HomepageShowSeasonEpisodes)</visible>
						</item>
						<item>
							<label>$INFO[Window.Property(Latestepisode.5.EpisodeTitle)]</label>
							<label2>$INFO[Window.Property(Latestepisode.5.ShowTitle)] - $INFO[Window.Property(Latestepisode.5.EpisodeNo)]</label2>
							<onclick>PlayMedia($ESCINFO[Window.Property(Latestepisode.5.Path)])</onclick>
							<icon>-</icon>
							<thumb>$INFO[Window.Property(Latestepisode.5.Thumb)]</thumb>
							<visible>!IsEmpty(Window.Property(Latestepisode.5.EpisodeTitle)) + Skin.HasSetting(HomepageShowSeasonEpisodes)</visible>
						</item>
						<item>
							<label>$INFO[Window.Property(Latestepisode.5.EpisodeTitle)]</label>
							<label2>$INFO[Window.Property(Latestepisode.5.ShowTitle)]</label2>
							<onclick>PlayMedia($ESCINFO[Window.Property(Latestepisode.5.Path)])</onclick>
							<icon>-</icon>
							<thumb>$INFO[Window.Property(Latestepisode.5.Thumb)]</thumb>
							<visible>!IsEmpty(Window.Property(Latestepisode.5.EpisodeTitle)) + !Skin.HasSetting(HomepageShowSeasonEpisodes)</visible>
						</item>
						<item>
							<label>$INFO[Window.Property(Latestepisode.6.EpisodeTitle)]</label>
							<label2>$INFO[Window.Property(Latestepisode.6.ShowTitle)] - $INFO[Window.Property(Latestepisode.6.EpisodeNo)]</label2>
							<onclick>PlayMedia($ESCINFO[Window.Property(Latestepisode.6.Path)])</onclick>
							<icon>-</icon>
							<thumb>$INFO[Window.Property(Latestepisode.6.Thumb)]</thumb>
							<visible>!IsEmpty(Window.Property(Latestepisode.6.EpisodeTitle)) + Skin.HasSetting(HomepageShowSeasonEpisodes)</visible>
						</item>
						<item>
							<label>$INFO[Window.Property(Latestepisode.6.EpisodeTitle)]</label>
							<label2>$INFO[Window.Property(Latestepisode.6.ShowTitle)]</label2>
							<onclick>PlayMedia($ESCINFO[Window.Property(Latestepisode.6.Path)])</onclick>
							<icon>-</icon>
							<thumb>$INFO[Window.Property(Latestepisode.6.Thumb)]</thumb>
							<visible>!IsEmpty(Window.Property(Latestepisode.6.EpisodeTitle)) + !Skin.HasSetting(HomepageShowSeasonEpisodes)</visible>
						</item>
						<item>
							<label>$INFO[Window.Property(Latestepisode.7.EpisodeTitle)]</label>
							<label2>$INFO[Window.Property(Latestepisode.7.ShowTitle)] - $INFO[Window.Property(Latestepisode.7.EpisodeNo)]</label2>
							<onclick>PlayMedia($ESCINFO[Window.Property(Latestepisode.7.Path)])</onclick>
							<icon>-</icon>
							<thumb>$INFO[Window.Property(Latestepisode.7.Thumb)]</thumb>
							<visible>!IsEmpty(Window.Property(Latestepisode.7.EpisodeTitle)) + Skin.HasSetting(HomepageShowSeasonEpisodes)</visible>
						</item>
						<item>
							<label>$INFO[Window.Property(Latestepisode.7.EpisodeTitle)]</label>
							<label2>$INFO[Window.Property(Latestepisode.7.ShowTitle)]</label2>
							<onclick>PlayMedia($ESCINFO[Window.Property(Latestepisode.7.Path)])</onclick>
							<icon>-</icon>
							<thumb>$INFO[Window.Property(Latestepisode.7.Thumb)]</thumb>
							<visible>!IsEmpty(Window.Property(Latestepisode.7.EpisodeTitle)) + !Skin.HasSetting(HomepageShowSeasonEpisodes)</visible>
						</item>
						<item>
							<label>$INFO[Window.Property(Latestepisode.8.EpisodeTitle)]</label>
							<label2>$INFO[Window.Property(Latestepisode.8.ShowTitle)] - $INFO[Window.Property(Latestepisode.8.EpisodeNo)]</label2>
							<onclick>PlayMedia($ESCINFO[Window.Property(Latestepisode.8.Path)])</onclick>
							<icon>-</icon>
							<thumb>$INFO[Window.Property(Latestepisode.8.Thumb)]</thumb>
							<visible>!IsEmpty(Window.Property(Latestepisode.8.EpisodeTitle)) + Skin.HasSetting(HomepageShowSeasonEpisodes)</visible>
						</item>
						<item>
							<label>$INFO[Window.Property(Latestepisode.8.EpisodeTitle)]</label>
							<label2>$INFO[Window.Property(Latestepisode.8.ShowTitle)]</label2>
							<onclick>PlayMedia($ESCINFO[Window.Property(Latestepisode.8.Path)])</onclick>
							<icon>-</icon>
							<thumb>$INFO[Window.Property(Latestepisode.8.Thumb)]</thumb>
							<visible>!IsEmpty(Window.Property(Latestepisode.8.EpisodeTitle)) + !Skin.HasSetting(HomepageShowSeasonEpisodes)</visible>
						</item>
						<item>
							<label>$INFO[Window.Property(Latestepisode.9.EpisodeTitle)]</label>
							<label2>$INFO[Window.Property(Latestepisode.9.ShowTitle)] - $INFO[Window.Property(Latestepisode.9.EpisodeNo)]</label2>
							<onclick>PlayMedia($ESCINFO[Window.Property(Latestepisode.9.Path)])</onclick>
							<icon>-</icon>
							<thumb>$INFO[Window.Property(Latestepisode.9.Thumb)]</thumb>
							<visible>!IsEmpty(Window.Property(Latestepisode.9.EpisodeTitle)) + Skin.HasSetting(HomepageShowSeasonEpisodes)</visible>
						</item>
						<item>
							<label>$INFO[Window.Property(Latestepisode.9.EpisodeTitle)]</label>
							<label2>$INFO[Window.Property(Latestepisode.9.ShowTitle)]</label2>
							<onclick>PlayMedia($ESCINFO[Window.Property(Latestepisode.9.Path)])</onclick>
							<icon>-</icon>
							<thumb>$INFO[Window.Property(Latestepisode.9.Thumb)]</thumb>
							<visible>!IsEmpty(Window.Property(Latestepisode.9.EpisodeTitle)) + !Skin.HasSetting(HomepageShowSeasonEpisodes)</visible>
						</item>
						<item>
							<label>$INFO[Window.Property(Latestepisode.10.EpisodeTitle)]</label>
							<label2>$INFO[Window.Property(Latestepisode.10.ShowTitle)] - $INFO[Window.Property(Latestepisode.10.EpisodeNo)]</label2>
							<onclick>PlayMedia($ESCINFO[Window.Property(Latestepisode.10.Path)])</onclick>
							<icon>-</icon>
							<thumb>$INFO[Window.Property(Latestepisode.10.Thumb)]</thumb>
							<visible>!IsEmpty(Window.Property(Latestepisode.10.EpisodeTitle)) + Skin.HasSetting(HomepageShowSeasonEpisodes)</visible>
						</item>
						<item>
							<label>$INFO[Window.Property(Latestepisode.10.EpisodeTitle)]</label>
							<label2>$INFO[Window.Property(Latestepisode.10.ShowTitle)]</label2>
							<onclick>PlayMedia($ESCINFO[Window.Property(Latestepisode.10.Path)])</onclick>
							<icon>-</icon>
							<thumb>$INFO[Window.Property(Latestepisode.10.Thumb)]</thumb>
							<visible>!IsEmpty(Window.Property(Latestepisode.10.EpisodeTitle)) + !Skin.HasSetting(HomepageShowSeasonEpisodes)</visible>
						</item>
					</content>
    </include>
	<include name="LDPRecentlyAddedTV">
		<content target="video">plugin://service.library.data.provider?type=recentepisodes&amp;reload=$INFO[Window.Property(recentepisodes)]</content>
	</include>
	<include name="LDPRandomTV">
		<content target="video">plugin://service.library.data.provider?type=randomepisodes&amp;reload=$INFO[Window.Property(randomepisodes)]</content>
	</include>
    <include name="DefaultRecentlyAddedMovies">
					<content>
						<item>
							<label>$INFO[Window.Property(LatestMovie.1.Title)]</label>
							<label2></label2>
							<onclick>PlayMedia($ESCINFO[Window.Property(LatestMovie.1.Path)])</onclick>
							<icon>$INFO[Window.Property(LatestMovie.1.Thumb)]</icon>
							<thumb>-</thumb>
							<visible>!IsEmpty(Window.Property(LatestMovie.1.Title))</visible>
						</item>
						<item>
							<label>$INFO[Window.Property(LatestMovie.2.Title)]</label>
							<label2></label2>
							<onclick>PlayMedia($ESCINFO[Window.Property(LatestMovie.2.Path)])</onclick>
							<icon>$INFO[Window.Property(LatestMovie.2.Thumb)]</icon>
							<thumb>-</thumb>
							<visible>!IsEmpty(Window.Property(LatestMovie.2.Title))</visible>
						</item>
						<item>
							<label>$INFO[Window.Property(LatestMovie.3.Title)]</label>
							<label2></label2>
							<onclick>PlayMedia($ESCINFO[Window.Property(LatestMovie.3.Path)])</onclick>
							<icon>$INFO[Window.Property(LatestMovie.3.Thumb)]</icon>
							<thumb>-</thumb>
							<visible>!IsEmpty(Window.Property(LatestMovie.3.Title))</visible>
						</item>
						<item>
							<label>$INFO[Window.Property(LatestMovie.4.Title)]</label>
							<label2></label2>
							<onclick>PlayMedia($ESCINFO[Window.Property(LatestMovie.4.Path)])</onclick>
							<icon>$INFO[Window.Property(LatestMovie.4.Thumb)]</icon>
							<thumb>-</thumb>
							<visible>!IsEmpty(Window.Property(LatestMovie.4.Title))</visible>
						</item>
						<item>
							<label>$INFO[Window.Property(LatestMovie.5.Title)]</label>
							<label2></label2>
							<onclick>PlayMedia($ESCINFO[Window.Property(LatestMovie.5.Path)])</onclick>
							<icon>$INFO[Window.Property(LatestMovie.5.Thumb)]</icon>
							<thumb>-</thumb>
							<visible>!IsEmpty(Window.Property(LatestMovie.5.Title))</visible>
						</item>
						<item>
							<label>$INFO[Window.Property(LatestMovie.6.Title)]</label>
							<label2></label2>
							<onclick>PlayMedia($ESCINFO[Window.Property(LatestMovie.6.Path)])</onclick>
							<icon>$INFO[Window.Property(LatestMovie.6.Thumb)]</icon>
							<thumb>-</thumb>
							<visible>!IsEmpty(Window.Property(LatestMovie.6.Title))</visible>
						</item>
						<item>
							<label>$INFO[Window.Property(LatestMovie.7.Title)]</label>
							<label2></label2>
							<onclick>PlayMedia($ESCINFO[Window.Property(LatestMovie.7.Path)])</onclick>
							<icon>$INFO[Window.Property(LatestMovie.7.Thumb)]</icon>
							<thumb>-</thumb>
							<visible>!IsEmpty(Window.Property(LatestMovie.7.Title))</visible>
						</item>
						<item>
							<label>$INFO[Window.Property(LatestMovie.8.Title)]</label>
							<label2></label2>
							<onclick>PlayMedia($ESCINFO[Window.Property(LatestMovie.8.Path)])</onclick>
							<icon>$INFO[Window.Property(LatestMovie.8.Thumb)]</icon>
							<thumb>-</thumb>
							<visible>!IsEmpty(Window.Property(LatestMovie.8.Title))</visible>
						</item>
						<item>
							<label>$INFO[Window.Property(LatestMovie.9.Title)]</label>
							<label2></label2>
							<onclick>PlayMedia($ESCINFO[Window.Property(LatestMovie.9.Path)])</onclick>
							<icon>$INFO[Window.Property(LatestMovie.9.Thumb)]</icon>
							<thumb>-</thumb>
							<visible>!IsEmpty(Window.Property(LatestMovie.9.Title))</visible>
						</item>
						<item>
							<label>$INFO[Window.Property(LatestMovie.10.Title)]</label>
							<label2></label2>
							<onclick>PlayMedia($ESCINFO[Window.Property(LatestMovie.10.Path)])</onclick>
							<icon>$INFO[Window.Property(LatestMovie.10.Thumb)]</icon>
							<thumb>-</thumb>
							<visible>!IsEmpty(Window.Property(LatestMovie.10.Title))</visible>
						</item>
					</content>
    </include>
	<include name="LDPRecentlyAddedMovies">
		<content target="video">plugin://service.library.data.provider?type=recentmovies&amp;reload=$INFO[Window.Property(recentmovies)]</content>
	</include>
	<include name="LDPRandomMovies">
		<content target="video">plugin://service.library.data.provider?type=randommovies&amp;reload=$INFO[Window.Property(randommovies)]</content>
	</include>
</includes>
