<?xml version="1.0" encoding="UTF-8"?>
<window>
	<defaultcontrol>9000</defaultcontrol>
	<backgroundcolor>background</backgroundcolor>
	<onload condition="String.IsEmpty(Skin.String(background_overlay))">Skin.SetString(background_overlay,1)</onload>
	<controls>
		<include>DefaultBackground</include>
		<control type="multiimage">
			<depth>DepthBackground</depth>
			<include>FullScreenDimensions</include>
			<aspectratio>scale</aspectratio>
			<fadetime>600</fadetime>
			<animation effect="zoom" center="auto" end="102,102" time="0" condition="Integer.IsGreater(System.StereoscopicMode,0)">conditional</animation>
			<animation effect="fade" start="0" end="100" time="400">WindowOpen</animation>
			<animation effect="fade" start="100" end="0" time="300">WindowClose</animation>
			<animation effect="fade" time="400">VisibleChange</animation>
			<imagepath background="true" colordiffuse="bg_overlay">$INFO[Skin.String(HomeFanart.path)]settings$INFO[Skin.String(HomeFanart.ext)]</imagepath>
			<visible>!Player.HasMedia + !String.IsEmpty(Skin.String(HomeFanart.path))</visible>
		</control>
		<control type="group" id="10000">
			<left>470</left>
			<include>OpenClose_Right</include>
			<control type="grouplist" id="700">
				<top>133</top>
				<left>0</left>
				<right>0</right>
				<bottom>140</bottom>
				<onleft>9000</onleft>
				<onright>60</onright>
				<onup>700</onup>
				<ondown>700</ondown>
				<visible>Container(9000).HasFocus(1)</visible>
				<control type="radiobutton" id="701">
					<label>$LOCALIZE[31095]</label>
					<include>DefaultSettingButton</include>
					<selected>!Skin.HasSetting(no_slide_animations)</selected>
					<onclick>Skin.ToggleSetting(no_slide_animations)</onclick>
				</control>
				<control type="radiobutton" id="702">
					<label>$LOCALIZE[20189]</label>
					<include>DefaultSettingButton</include>
					<onclick>Skin.ToggleSetting(autoscroll)</onclick>
					<selected>Skin.HasSetting(autoscroll)</selected>
				</control>
				<control type="radiobutton" id="703">
					<label>$LOCALIZE[31158]</label>
					<include>DefaultSettingButton</include>
					<onclick>Skin.ToggleSetting(touchmode)</onclick>
					<selected>Skin.HasSetting(touchmode)</selected>
				</control>
				<control type="radiobutton" id="704">
					<label>$LOCALIZE[31093]</label>
					<include>DefaultSettingButton</include>
					<onclick condition="!String.IsEmpty(Weather.Plugin)">Skin.ToggleSetting(show_weatherinfo)</onclick>
					<onclick condition="String.IsEmpty(Weather.Plugin)">ActivateWindow(servicesettings,weather)</onclick>
					<selected>Skin.HasSetting(show_weatherinfo) + !String.IsEmpty(Weather.Plugin)</selected>
				</control>
				<control type="radiobutton" id="705">
					<label>$LOCALIZE[31160]</label>
					<include>DefaultSettingButton</include>
					<onclick>Skin.ToggleSetting(hide_mediaflags)</onclick>
					<selected>!Skin.HasSetting(hide_mediaflags)</selected>
				</control>
				<control type="button" id="706">
					<label>$LOCALIZE[31024]</label>
					<include>DefaultSettingButton</include>
					<onclick>Skin.SelectBool(31024, 38018|circle_userrating, 563|circle_rating, 16018|circle_none)</onclick>
					<label2>$VAR[RatingSettingLabel2Var]</label2>
				</control>
				<control type="button" id="707">
					<label>$LOCALIZE[31164]</label>
					<include>DefaultSettingButton</include>
					<onclick>Skin.SelectBool(31164, 31165|show_profilename, 31166|show_profileavatar, 16018|show_none)</onclick>
					<label2>$VAR[ProfileIdentificationLabel2Var]</label2>
				</control>
				<control type="radiobutton" id="708">
					<label>$LOCALIZE[31502]</label>
					<include>DefaultSettingButton</include>
					<onclick>Skin.ToggleSetting(show_artist_bio)</onclick>
					<selected>Skin.HasSetting(show_artist_bio)</selected>
					<visible>System.HasAddon(script.artistslideshow)</visible>
				</control>
			</control>
			<control type="grouplist" id="610">
				<top>133</top>
				<left>0</left>
				<right>0</right>
				<bottom>140</bottom>
				<onleft>9000</onleft>
				<onright>60</onright>
				<onup>610</onup>
				<ondown>610</ondown>
				<pagecontrol>60</pagecontrol>
				<visible>Container(9000).HasFocus(2)</visible>
				<control type="button" id="611">
					<label>$LOCALIZE[396] 1</label>
					<include>DefaultSettingButton</include>
					<onclick>Skin.SelectBool(31504, 342|slot1_show_movies, 20343|slot1_show_tvshows, 2|slot1_show_music, 20389|slot1_show_musicvideos, 19020|slot1_show_tv, 19021|slot1_show_radio, 15016|slot1_show_games, 24001|slot1_show_addons, 1|slot1_show_pictures, 3|slot1_show_videos, 10134|slot1_show_favorites, 8|slot1_show_weather, 351|slot1_show_none)</onclick>
					<label2>$VAR[HomeMenuSlot1Label2Var]</label2>
				</control>
				<control type="button" id="612">
					<label>$LOCALIZE[396] 2</label>
					<include>DefaultSettingButton</include>
					<onclick>Skin.SelectBool(31504, 342|slot2_show_movies, 20343|slot2_show_tvshows, 2|slot2_show_music, 20389|slot2_show_musicvideos, 19020|slot2_show_tv, 19021|slot2_show_radio, 15016|slot2_show_games, 24001|slot2_show_addons, 1|slot2_show_pictures, 3|slot2_show_videos, 10134|slot2_show_favorites, 8|slot2_show_weather, 351|slot2_show_none)</onclick>
					<label2>$VAR[HomeMenuSlot2Label2Var]</label2>
				</control>
				<control type="button" id="613">
					<label>$LOCALIZE[396] 3</label>
					<include>DefaultSettingButton</include>
					<onclick>Skin.SelectBool(31504, 342|slot3_show_movies, 20343|slot3_show_tvshows, 2|slot3_show_music, 20389|slot3_show_musicvideos, 19020|slot3_show_tv, 19021|slot3_show_radio, 15016|slot3_show_games, 24001|slot3_show_addons, 1|slot3_show_pictures, 3|slot3_show_videos, 10134|slot3_show_favorites, 8|slot3_show_weather, 351|slot3_show_none)</onclick>
					<label2>$VAR[HomeMenuSlot3Label2Var]</label2>
				</control>
				<control type="button" id="614">
					<label>$LOCALIZE[396] 4</label>
					<include>DefaultSettingButton</include>
					<onclick>Skin.SelectBool(31504, 342|slot4_show_movies, 20343|slot4_show_tvshows, 2|slot4_show_music, 20389|slot4_show_musicvideos, 19020|slot4_show_tv, 19021|slot4_show_radio, 15016|slot4_show_games, 24001|slot4_show_addons, 1|slot4_show_pictures, 3|slot4_show_videos, 10134|slot4_show_favorites, 8|slot4_show_weather, 351|slot4_show_none)</onclick>
					<label2>$VAR[HomeMenuSlot4Label2Var]</label2>
				</control>
				<control type="button" id="615">
					<label>$LOCALIZE[396] 5</label>
					<include>DefaultSettingButton</include>
					<onclick>Skin.SelectBool(31504, 342|slot5_show_movies, 20343|slot5_show_tvshows, 2|slot5_show_music, 20389|slot5_show_musicvideos, 19020|slot5_show_tv, 19021|slot5_show_radio, 15016|slot5_show_games, 24001|slot5_show_addons, 1|slot5_show_pictures, 3|slot5_show_videos, 10134|slot5_show_favorites, 8|slot5_show_weather, 351|slot5_show_none)</onclick>
					<label2>$VAR[HomeMenuSlot5Label2Var]</label2>
				</control>
				<control type="button" id="616">
					<label>$LOCALIZE[396] 6</label>
					<include>DefaultSettingButton</include>
					<onclick>Skin.SelectBool(31504, 342|slot6_show_movies, 20343|slot6_show_tvshows, 2|slot6_show_music, 20389|slot6_show_musicvideos, 19020|slot6_show_tv, 19021|slot6_show_radio, 15016|slot6_show_games, 24001|slot6_show_addons, 1|slot6_show_pictures, 3|slot6_show_videos, 10134|slot6_show_favorites, 8|slot6_show_weather, 351|slot6_show_none)</onclick>
					<label2>$VAR[HomeMenuSlot6Label2Var]</label2>
				</control>
				<control type="button" id="617">
					<label>$LOCALIZE[396] 7</label>
					<include>DefaultSettingButton</include>
					<onclick>Skin.SelectBool(31504, 342|slot7_show_movies, 20343|slot7_show_tvshows, 2|slot7_show_music, 20389|slot7_show_musicvideos, 19020|slot7_show_tv, 19021|slot7_show_radio, 15016|slot7_show_games, 24001|slot7_show_addons, 1|slot7_show_pictures, 3|slot7_show_videos, 10134|slot7_show_favorites, 8|slot7_show_weather, 351|slot7_show_none)</onclick>
					<label2>$VAR[HomeMenuSlot7Label2Var]</label2>
				</control>
				<control type="button" id="618">
					<label>$LOCALIZE[396] 8</label>
					<include>DefaultSettingButton</include>
					<onclick>Skin.SelectBool(31504, 342|slot8_show_movies, 20343|slot8_show_tvshows, 2|slot8_show_music, 20389|slot8_show_musicvideos, 19020|slot8_show_tv, 19021|slot8_show_radio, 15016|slot8_show_games, 24001|slot8_show_addons, 1|slot8_show_pictures, 3|slot8_show_videos, 10134|slot8_show_favorites, 8|slot8_show_weather, 351|slot8_show_none)</onclick>
					<label2>$VAR[HomeMenuSlot8Label2Var]</label2>
				</control>
				<control type="button" id="619">
					<label>$LOCALIZE[396] 9</label>
					<include>DefaultSettingButton</include>
					<onclick>Skin.SelectBool(31504, 342|slot9_show_movies, 20343|slot9_show_tvshows, 2|slot9_show_music, 20389|slot9_show_musicvideos, 19020|slot9_show_tv, 19021|slot9_show_radio, 15016|slot9_show_games, 24001|slot9_show_addons, 1|slot9_show_pictures, 3|slot9_show_videos, 10134|slot9_show_favorites, 8|slot9_show_weather, 351|slot9_show_none)</onclick>
					<label2>$VAR[HomeMenuSlot9Label2Var]</label2>
				</control>
				<control type="button" id="620">
					<label>$LOCALIZE[396] 10</label>
					<include>DefaultSettingButton</include>
					<onclick>Skin.SelectBool(31504, 342|slot10_show_movies, 20343|slot10_show_tvshows, 2|slot10_show_music, 20389|slot10_show_musicvideos, 19020|slot10_show_tv, 19021|slot10_show_radio, 15016|slot10_show_games, 24001|slot10_show_addons, 1|slot10_show_pictures, 3|slot10_show_videos, 10134|slot10_show_favorites, 8|slot10_show_weather, 351|slot10_show_none)</onclick>
					<label2>$VAR[HomeMenuSlot10Label2Var]</label2>
				</control>
				<control type="button" id="621">
					<label>$LOCALIZE[396] 11</label>
					<include>DefaultSettingButton</include>
					<onclick>Skin.SelectBool(31504, 342|slot11_show_movies, 20343|slot11_show_tvshows, 2|slot11_show_music, 20389|slot11_show_musicvideos, 19020|slot11_show_tv, 19021|slot11_show_radio, 15016|slot11_show_games, 24001|slot11_show_addons, 1|slot11_show_pictures, 3|slot11_show_videos, 10134|slot11_show_favorites, 8|slot11_show_weather, 351|slot11_show_none)</onclick>
					<label2>$VAR[HomeMenuSlot11Label2Var]</label2>
				</control>
				<control type="button" id="622">
					<label>$LOCALIZE[396] 12</label>
					<include>DefaultSettingButton</include>
					<onclick>Skin.SelectBool(31504, 342|slot12_show_movies, 20343|slot12_show_tvshows, 2|slot12_show_music, 20389|slot12_show_musicvideos, 19020|slot12_show_tv, 19021|slot12_show_radio, 15016|slot12_show_games, 24001|slot12_show_addons, 1|slot12_show_pictures, 3|slot12_show_videos, 10134|slot12_show_favorites, 8|slot12_show_weather, 351|slot12_show_none)</onclick>
					<label2>$VAR[HomeMenuSlot12Label2Var]</label2>
				</control>
			</control>
			<control type="grouplist" id="710">
				<top>133</top>
				<left>0</left>
				<right>0</right>
				<bottom>140</bottom>
				<onleft>9000</onleft>
				<onright>60</onright>
				<onup>710</onup>
				<ondown>710</ondown>
				<pagecontrol>60</pagecontrol>
				<visible>Container(9000).HasFocus(3)</visible>
				<control type="button" id="711">
					<label>$LOCALIZE[342]</label>
					<include>DefaultSettingButton</include>
					<onclick>Skin.SelectBool(14230, 10024|movieaction_titles, 20108|movieaction_root, 135|movieaction_genres, 652|movieaction_years, 344|movieaction_actors, 20348|movieaction_directors, 20388|movieaction_studios, 20458|movieaction_sets, 20451|movieaction_countries, 20459|movieaction_tags, 20387|movieaction_recent, 1037|movieaction_addons)</onclick>
					<label2>$VAR[MovieMenuActionLabel2Var]</label2>
					<visible>Skin.HasSetting(slot1_show_movies) | Skin.HasSetting(slot2_show_movies) | Skin.HasSetting(slot3_show_movies) | Skin.HasSetting(slot4_show_movies) | Skin.HasSetting(slot5_show_movies) | Skin.HasSetting(slot6_show_movies) | Skin.HasSetting(slot7_show_movies) | Skin.HasSetting(slot8_show_movies) | Skin.HasSetting(slot9_show_movies) | Skin.HasSetting(slot10_show_movies) | Skin.HasSetting(slot11_show_movies) | Skin.HasSetting(slot12_show_movies)</visible>
				</control>
				<control type="button" id="712">
					<label>$LOCALIZE[20343]</label>
					<include>DefaultSettingButton</include>
					<onclick>Skin.SelectBool(14230, 10024|tvshowaction_titles, 20108|tvshowaction_root, 135|tvshowaction_genres, 652|tvshowaction_years, 344|tvshowaction_actors, 20388|tvshowaction_studios, 20387|tvshowaction_recent, 626|tvshowaction_inprogress, 1037|tvshowaction_addons)</onclick>
					<label2>$VAR[TVShowMenuActionLabel2Var]</label2>
					<visible>Skin.HasSetting(slot1_show_tvshows) | Skin.HasSetting(slot2_show_tvshows) | Skin.HasSetting(slot3_show_tvshows) | Skin.HasSetting(slot4_show_tvshows) | Skin.HasSetting(slot5_show_tvshows) | Skin.HasSetting(slot6_show_tvshows) | Skin.HasSetting(slot7_show_tvshows) | Skin.HasSetting(slot8_show_tvshows) | Skin.HasSetting(slot9_show_tvshows) | Skin.HasSetting(slot10_show_tvshows) | Skin.HasSetting(slot11_show_tvshows) | Skin.HasSetting(slot12_show_tvshows)</visible>
				</control>
				<control type="button" id="713">
					<label>$LOCALIZE[2]</label>
					<include>DefaultSettingButton</include>
					<onclick>Skin.SelectBool(14230, 20108|musicaction_root, 135|musicaction_genres, 133|musicaction_artists, 132|musicaction_albums, 134|musicaction_songs, 271|musicaction_top100, 10504|musicaction_top100songs, 10505|musicaction_top100albums, 359|musicaction_recent, 517|musicaction_played, 521|musicaction_compilaations, 652|musicaction_years, 1050|musicaction_singles, 20011|musicaction_playlists, 1038|musicaction_addons)</onclick>
					<label2>$VAR[MusicMenuActionLabel2Var]</label2>
					<visible>Skin.HasSetting(slot1_show_music) | Skin.HasSetting(slot2_show_music) | Skin.HasSetting(slot3_show_music) | Skin.HasSetting(slot4_show_music) | Skin.HasSetting(slot5_show_music) | Skin.HasSetting(slot6_show_music) | Skin.HasSetting(slot7_show_music) | Skin.HasSetting(slot8_show_music) | Skin.HasSetting(slot9_show_music) | Skin.HasSetting(slot10_show_music) | Skin.HasSetting(slot11_show_music) | Skin.HasSetting(slot12_show_music)</visible>
				</control>
				<control type="button" id="714">
					<label>$LOCALIZE[20389]</label>
					<include>DefaultSettingButton</include>
					<onclick>Skin.SelectBool(14230, 20108|mvaction_root, 135|mvaction_genres, 10024|mvaction_titles, 652|mvaction_years, 133|mvaction_artists, 132|mvaction_albums, 20348| mvaction_directors, 20388|mvaction_studios, 20390|musicaction_recent)</onclick>
					<label2>$VAR[MusicVideosMenuActionLabel2Var]</label2>
					<visible>Skin.HasSetting(slot1_show_musicvideos) | Skin.HasSetting(slot2_show_musicvideos) | Skin.HasSetting(slot3_show_musicvideos) | Skin.HasSetting(slot4_show_musicvideos) | Skin.HasSetting(slot5_show_musicvideos) | Skin.HasSetting(slot6_show_musicvideos) | Skin.HasSetting(slot7_show_musicvideos) | Skin.HasSetting(slot8_show_musicvideos) | Skin.HasSetting(slot9_show_musicvideos) | Skin.HasSetting(slot10_show_musicvideos) | Skin.HasSetting(slot11_show_musicvideos) | Skin.HasSetting(slot12_show_musicvideos)</visible>
				</control>
				<control type="button" id="715">
					<label>$LOCALIZE[19020]</label>
					<include>DefaultSettingButton</include>
					<onclick>Skin.SelectBool(14230, 10700|tvaction_channels, 10702|tvaction_guide, 10701|tvaction_recordings, 10703|tvaction_timers, 10710|tvaction_rules)</onclick>
					<label2>$VAR[TVMenuActionLabel2Var]</label2>
					<visible>Skin.HasSetting(slot1_show_tv) | Skin.HasSetting(slot2_show_tv) | Skin.HasSetting(slot3_show_tv) | Skin.HasSetting(slot4_show_tv) | Skin.HasSetting(slot5_show_tv) | Skin.HasSetting(slot6_show_tv) | Skin.HasSetting(slot7_show_tv) | Skin.HasSetting(slot8_show_tv) | Skin.HasSetting(slot9_show_tv) | Skin.HasSetting(slot10_show_tv) | Skin.HasSetting(slot11_show_tv) | Skin.HasSetting(slot12_show_tv)</visible>
				</control>
				<control type="button" id="716">
					<label>$LOCALIZE[19021]</label>
					<include>DefaultSettingButton</include>
					<onclick>Skin.SelectBool(14230, 10705|radioaction_channels, 10707|radioaction_guide, 10706|radioaction_recordings, 10708|radioaction_timers, 10711|radioaction_rules)</onclick>
					<label2>$VAR[RadioMenuActionLabel2Var]</label2>
					<visible>Skin.HasSetting(slot1_show_radio) | Skin.HasSetting(slot2_show_radio) | Skin.HasSetting(slot3_show_radio) | Skin.HasSetting(slot4_show_radio) | Skin.HasSetting(slot5_show_radio) | Skin.HasSetting(slot6_show_radio) | Skin.HasSetting(slot7_show_radio) | Skin.HasSetting(slot8_show_radio) | Skin.HasSetting(slot9_show_radio) | Skin.HasSetting(slot10_show_radio) | Skin.HasSetting(slot11_show_radio) | Skin.HasSetting(slot12_show_radio)</visible>
				</control>
				<control type="button" id="717">
					<label>$LOCALIZE[14217]</label>
					<include>DefaultSettingButton</include>
					<onclick>Skin.SelectBool(14230, 20108|picaction_root, 1039|picaction_addons)</onclick>
					<label2>$VAR[PictureMenuActionLabel2Var]</label2>
					<visible>Skin.HasSetting(slot1_show_pictures) | Skin.HasSetting(slot2_show_pictures) | Skin.HasSetting(slot3_show_pictures) | Skin.HasSetting(slot4_show_pictures) | Skin.HasSetting(slot5_show_pictures) | Skin.HasSetting(slot6_show_pictures) | Skin.HasSetting(slot7_show_pictures) | Skin.HasSetting(slot8_show_pictures) | Skin.HasSetting(slot9_show_pictures) | Skin.HasSetting(slot10_show_pictures) | Skin.HasSetting(slot11_show_pictures) | Skin.HasSetting(slot12_show_pictures)</visible>
				</control>
				<control type="button" id="718">
					<label>$LOCALIZE[10025]</label>
					<include>DefaultSettingButton</include>
					<onclick>Skin.SelectBool(14230, 20108|videoaction_root, 1037|videoaction_addons)</onclick>
					<label2>$VAR[VideoMenuActionLabel2Var]</label2>
					<visible>Skin.HasSetting(slot1_show_videos) | Skin.HasSetting(slot2_show_videos) | Skin.HasSetting(slot3_show_videos) | Skin.HasSetting(slot4_show_videos) | Skin.HasSetting(slot5_show_videos) | Skin.HasSetting(slot6_show_videos) | Skin.HasSetting(slot7_show_videos) | Skin.HasSetting(slot8_show_videos) | Skin.HasSetting(slot9_show_videos) | Skin.HasSetting(slot10_show_videos) | Skin.HasSetting(slot11_show_videos) | Skin.HasSetting(slot12_show_videos)</visible>
				</control>
			</control>
			<control type="grouplist" id="800">
				<top>133</top>
				<left>0</left>
				<right>0</right>
				<bottom>140</bottom>
				<onleft>9000</onleft>
				<onright>60</onright>
				<onup>800</onup>
				<ondown>800</ondown>
				<pagecontrol>60</pagecontrol>
				<visible>Container(9000).HasFocus(4)</visible>
				<control type="button" id="801">
					<label>$LOCALIZE[20342]</label>
					<include>DefaultSettingButton</include>
					<visible>Skin.HasSetting(slot1_show_movies) | Skin.HasSetting(slot2_show_movies) | Skin.HasSetting(slot3_show_movies) | Skin.HasSetting(slot4_show_movies) | Skin.HasSetting(slot5_show_movies) | Skin.HasSetting(slot6_show_movies) | Skin.HasSetting(slot7_show_movies) | Skin.HasSetting(slot8_show_movies) | Skin.HasSetting(slot9_show_movies) | Skin.HasSetting(slot10_show_movies) | Skin.HasSetting(slot11_show_movies) | Skin.HasSetting(slot12_show_movies)</visible>
				</control>
				<control type="button" id="8010">
					<label>- $LOCALIZE[31148]</label>
					<include>DefaultSettingButton</include>
					<onclick>Skin.SelectBool(31148, 602|movie_categories_standard, 536|movie_categories_icons, 351|movie_categories_none)</onclick>
					<label2>$VAR[MovieCategoriesLabel2Var]</label2>
					<visible>Skin.HasSetting(slot1_show_movies) | Skin.HasSetting(slot2_show_movies) | Skin.HasSetting(slot3_show_movies) | Skin.HasSetting(slot4_show_movies) | Skin.HasSetting(slot5_show_movies) | Skin.HasSetting(slot6_show_movies) | Skin.HasSetting(slot7_show_movies) | Skin.HasSetting(slot8_show_movies) | Skin.HasSetting(slot9_show_movies) | Skin.HasSetting(slot10_show_movies) | Skin.HasSetting(slot11_show_movies) | Skin.HasSetting(slot12_show_movies)</visible>
				</control>
				<control type="button" id="8017">
					<label>-- $LOCALIZE[31157]</label>
					<include>DefaultSettingButton</include>
					<onclick condition="System.AddonIsEnabled(plugin.library.node.editor)">ActivateWindow(programs,plugin://plugin.library.node.editor/?ltype=video,return)</onclick>
					<onclick condition="System.HasAddon(plugin.library.node.editor) + !System.AddonIsEnabled(plugin.library.node.editor)">EnableAddon(plugin.library.node.editor)</onclick>
					<onclick condition="!System.HasAddon(plugin.library.node.editor)">InstallAddon(plugin.library.node.editor)</onclick>
					<visible>Skin.HasSetting(slot1_show_movies) | Skin.HasSetting(slot2_show_movies) | Skin.HasSetting(slot3_show_movies) | Skin.HasSetting(slot4_show_movies) | Skin.HasSetting(slot5_show_movies) | Skin.HasSetting(slot6_show_movies) | Skin.HasSetting(slot7_show_movies) | Skin.HasSetting(slot8_show_movies) | Skin.HasSetting(slot9_show_movies) | Skin.HasSetting(slot10_show_movies) | Skin.HasSetting(slot11_show_movies) | Skin.HasSetting(slot12_show_movies)</visible>
				</control>
				<control type="button" id="8011">
					<label>- $LOCALIZE[1034] 1</label>
					<include>DefaultSettingButton</include>
					<onclick>Skin.SelectBool(1034, 31010|movieslot1_show_inprogress, 20386|movieslot1_show_recent, 31007|movieslot1_show_unwatched, 31006|movieslot1_show_random, 135|movieslot1_show_genres, 31075|movieslot1_show_sets, 1037|movieslot1_show_videoaddons, 351|movieslot1_show_none)</onclick>
					<label2>$VAR[MovieSubMenuSlot1Label2Var]</label2>
					<visible>Skin.HasSetting(slot1_show_movies) | Skin.HasSetting(slot2_show_movies) | Skin.HasSetting(slot3_show_movies) | Skin.HasSetting(slot4_show_movies) | Skin.HasSetting(slot5_show_movies) | Skin.HasSetting(slot6_show_movies) | Skin.HasSetting(slot7_show_movies) | Skin.HasSetting(slot8_show_movies) | Skin.HasSetting(slot9_show_movies) | Skin.HasSetting(slot10_show_movies) | Skin.HasSetting(slot11_show_movies) | Skin.HasSetting(slot12_show_movies)</visible>
				</control>
				<control type="button" id="8012">
					<label>- $LOCALIZE[1034] 2</label>
					<include>DefaultSettingButton</include>
					<onclick>Skin.SelectBool(1034, 31010|movieslot2_show_inprogress, 20386|movieslot2_show_recent, 31007|movieslot2_show_unwatched, 31006|movieslot2_show_random, 135|movieslot2_show_genres, 31075|movieslot2_show_sets, 1037|movieslot2_show_videoaddons, 351|movieslot2_show_none)</onclick>
					<label2>$VAR[MovieSubMenuSlot2Label2Var]</label2>
					<visible>Skin.HasSetting(slot1_show_movies) | Skin.HasSetting(slot2_show_movies) | Skin.HasSetting(slot3_show_movies) | Skin.HasSetting(slot4_show_movies) | Skin.HasSetting(slot5_show_movies) | Skin.HasSetting(slot6_show_movies) | Skin.HasSetting(slot7_show_movies) | Skin.HasSetting(slot8_show_movies) | Skin.HasSetting(slot9_show_movies) | Skin.HasSetting(slot10_show_movies) | Skin.HasSetting(slot11_show_movies) | Skin.HasSetting(slot12_show_movies)</visible>
				</control>
				<control type="button" id="8013">
					<label>- $LOCALIZE[1034] 3</label>
					<include>DefaultSettingButton</include>
					<onclick>Skin.SelectBool(1034, 31010|movieslot3_show_inprogress, 20386|movieslot3_show_recent, 31007|movieslot3_show_unwatched, 31006|movieslot3_show_random, 135|movieslot3_show_genres, 31075|movieslot3_show_sets, 1037|movieslot3_show_videoaddons, 351|movieslot3_show_none)</onclick>
					<label2>$VAR[MovieSubMenuSlot3Label2Var]</label2>
					<visible>Skin.HasSetting(slot1_show_movies) | Skin.HasSetting(slot2_show_movies) | Skin.HasSetting(slot3_show_movies) | Skin.HasSetting(slot4_show_movies) | Skin.HasSetting(slot5_show_movies) | Skin.HasSetting(slot6_show_movies) | Skin.HasSetting(slot7_show_movies) | Skin.HasSetting(slot8_show_movies) | Skin.HasSetting(slot9_show_movies) | Skin.HasSetting(slot10_show_movies) | Skin.HasSetting(slot11_show_movies) | Skin.HasSetting(slot12_show_movies)</visible>
				</control>
				<control type="button" id="8014">
					<label>- $LOCALIZE[1034] 4</label>
					<include>DefaultSettingButton</include>
					<onclick>Skin.SelectBool(1034, 31010|movieslot4_show_inprogress, 20386|movieslot4_show_recent, 31007|movieslot4_show_unwatched, 31006|movieslot4_show_random, 135|movieslot4_show_genres, 31075|movieslot4_show_sets, 1037|movieslot4_show_videoaddons, 351|movieslot4_show_none)</onclick>
					<label2>$VAR[MovieSubMenuSlot4Label2Var]</label2>
					<visible>Skin.HasSetting(slot1_show_movies) | Skin.HasSetting(slot2_show_movies) | Skin.HasSetting(slot3_show_movies) | Skin.HasSetting(slot4_show_movies) | Skin.HasSetting(slot5_show_movies) | Skin.HasSetting(slot6_show_movies) | Skin.HasSetting(slot7_show_movies) | Skin.HasSetting(slot8_show_movies) | Skin.HasSetting(slot9_show_movies) | Skin.HasSetting(slot10_show_movies) | Skin.HasSetting(slot11_show_movies) | Skin.HasSetting(slot12_show_movies)</visible>
				</control>
				<control type="button" id="8015">
					<label>- $LOCALIZE[1034] 5</label>
					<include>DefaultSettingButton</include>
					<onclick>Skin.SelectBool(1034, 31010|movieslot5_show_inprogress, 20386|movieslot5_show_recent, 31007|movieslot5_show_unwatched, 31006|movieslot5_show_random, 135|movieslot5_show_genres, 31075|movieslot5_show_sets, 1037|movieslot5_show_videoaddons, 351|movieslot5_show_none)</onclick>
					<label2>$VAR[MovieSubMenuSlot5Label2Var]</label2>
					<visible>Skin.HasSetting(slot1_show_movies) | Skin.HasSetting(slot2_show_movies) | Skin.HasSetting(slot3_show_movies) | Skin.HasSetting(slot4_show_movies) | Skin.HasSetting(slot5_show_movies) | Skin.HasSetting(slot6_show_movies) | Skin.HasSetting(slot7_show_movies) | Skin.HasSetting(slot8_show_movies) | Skin.HasSetting(slot9_show_movies) | Skin.HasSetting(slot10_show_movies) | Skin.HasSetting(slot11_show_movies) | Skin.HasSetting(slot12_show_movies)</visible>
				</control>
				<control type="button" id="8016">
					<label>- $LOCALIZE[1034] 6</label>
					<include>DefaultSettingButton</include>
					<onclick>Skin.SelectBool(1034, 31010|movieslot6_show_inprogress, 20386|movieslot6_show_recent, 31007|movieslot6_show_unwatched, 31006|movieslot6_show_random, 135|movieslot6_show_genres, 31075|movieslot6_show_sets, 1037|movieslot6_show_videoaddons, 351|movieslot6_show_none)</onclick>
					<label2>$VAR[MovieSubMenuSlot6Label2Var]</label2>
					<visible>Skin.HasSetting(slot1_show_movies) | Skin.HasSetting(slot2_show_movies) | Skin.HasSetting(slot3_show_movies) | Skin.HasSetting(slot4_show_movies) | Skin.HasSetting(slot5_show_movies) | Skin.HasSetting(slot6_show_movies) | Skin.HasSetting(slot7_show_movies) | Skin.HasSetting(slot8_show_movies) | Skin.HasSetting(slot9_show_movies) | Skin.HasSetting(slot10_show_movies) | Skin.HasSetting(slot11_show_movies) | Skin.HasSetting(slot12_show_movies)</visible>
				</control>
				<control type="button" id="802">
					<label>$LOCALIZE[20343]</label>
					<include>DefaultSettingButton</include>
					<visible>Skin.HasSetting(slot1_show_tvshows) | Skin.HasSetting(slot2_show_tvshows) | Skin.HasSetting(slot3_show_tvshows) | Skin.HasSetting(slot4_show_tvshows) | Skin.HasSetting(slot5_show_tvshows) | Skin.HasSetting(slot6_show_tvshows) | Skin.HasSetting(slot7_show_tvshows) | Skin.HasSetting(slot8_show_tvshows) | Skin.HasSetting(slot9_show_tvshows) | Skin.HasSetting(slot10_show_tvshows) | Skin.HasSetting(slot11_show_tvshows) | Skin.HasSetting(slot12_show_tvshows)</visible>
				</control>
				<control type="button" id="8020">
					<label>- $LOCALIZE[31148]</label>
					<include>DefaultSettingButton</include>
					<onclick>Skin.SelectBool(31148, 602|tvshow_categories_standard, 536|tvshow_categories_icons, 351|tvshow_categories_none)</onclick>
					<label2>$VAR[TVShowCategoriesLabel2Var]</label2>
					<visible>Skin.HasSetting(slot1_show_tvshows) | Skin.HasSetting(slot2_show_tvshows) | Skin.HasSetting(slot3_show_tvshows) | Skin.HasSetting(slot4_show_tvshows) | Skin.HasSetting(slot5_show_tvshows) | Skin.HasSetting(slot6_show_tvshows) | Skin.HasSetting(slot7_show_tvshows) | Skin.HasSetting(slot8_show_tvshows) | Skin.HasSetting(slot9_show_tvshows) | Skin.HasSetting(slot10_show_tvshows) | Skin.HasSetting(slot11_show_tvshows) | Skin.HasSetting(slot12_show_tvshows)</visible>
				</control>
				<control type="button" id="8027">
					<label>-- $LOCALIZE[31157]</label>
					<include>DefaultSettingButton</include>
					<onclick condition="System.AddonIsEnabled(plugin.library.node.editor)">ActivateWindow(programs,plugin://plugin.library.node.editor/?ltype=video,return)</onclick>
					<onclick condition="System.HasAddon(plugin.library.node.editor) + !System.AddonIsEnabled(plugin.library.node.editor)">EnableAddon(plugin.library.node.editor)</onclick>
					<onclick condition="!System.HasAddon(plugin.library.node.editor)">InstallAddon(plugin.library.node.editor)</onclick>
					<visible>Skin.HasSetting(slot1_show_tvshows) | Skin.HasSetting(slot2_show_tvshows) | Skin.HasSetting(slot3_show_tvshows) | Skin.HasSetting(slot4_show_tvshows) | Skin.HasSetting(slot5_show_tvshows) | Skin.HasSetting(slot6_show_tvshows) | Skin.HasSetting(slot7_show_tvshows) | Skin.HasSetting(slot8_show_tvshows) | Skin.HasSetting(slot9_show_tvshows) | Skin.HasSetting(slot10_show_tvshows) | Skin.HasSetting(slot11_show_tvshows) | Skin.HasSetting(slot12_show_tvshows)</visible>
				</control>
				<control type="button" id="8021">
					<label>- $LOCALIZE[1034] 1</label>
					<include>DefaultSettingButton</include>
					<onclick>Skin.SelectBool(1034, 626|tvshowslot1_show_inprogress, 20387|tvshowslot1_show_recent, 31122|tvshowslot1_show_unwatched, 31510|tvshowslot1_show_inprogunwatched, 135|tvshowslot1_show_genres, 20388|tvshowslot1_show_studios, 1037|tvshowslot1_show_videoaddons, 351|tvshowslot1_show_none)</onclick>
					<label2>$VAR[TVShowSubMenuSlot1Label2Var]</label2>
					<visible>Skin.HasSetting(slot1_show_tvshows) | Skin.HasSetting(slot2_show_tvshows) | Skin.HasSetting(slot3_show_tvshows) | Skin.HasSetting(slot4_show_tvshows) | Skin.HasSetting(slot5_show_tvshows) | Skin.HasSetting(slot6_show_tvshows) | Skin.HasSetting(slot7_show_tvshows) | Skin.HasSetting(slot8_show_tvshows) | Skin.HasSetting(slot9_show_tvshows) | Skin.HasSetting(slot10_show_tvshows) | Skin.HasSetting(slot11_show_tvshows) | Skin.HasSetting(slot12_show_tvshows)</visible>
				</control>
				<control type="button" id="8022">
					<label>- $LOCALIZE[1034] 2</label>
					<include>DefaultSettingButton</include>
					<onclick>Skin.SelectBool(1034, 626|tvshowslot2_show_inprogress, 20387|tvshowslot2_show_recent, 31122|tvshowslot2_show_unwatched, 31510|tvshowslot2_show_inprogunwatched, 135|tvshowslot2_show_genres, 20388|tvshowslot2_show_studios, 1037|tvshowslot2_show_videoaddons, 351|tvshowslot2_show_none)</onclick>
					<label2>$VAR[TVShowSubMenuSlot2Label2Var]</label2>
					<visible>Skin.HasSetting(slot1_show_tvshows) | Skin.HasSetting(slot2_show_tvshows) | Skin.HasSetting(slot3_show_tvshows) | Skin.HasSetting(slot4_show_tvshows) | Skin.HasSetting(slot5_show_tvshows) | Skin.HasSetting(slot6_show_tvshows) | Skin.HasSetting(slot7_show_tvshows) | Skin.HasSetting(slot8_show_tvshows) | Skin.HasSetting(slot9_show_tvshows) | Skin.HasSetting(slot10_show_tvshows) | Skin.HasSetting(slot11_show_tvshows) | Skin.HasSetting(slot12_show_tvshows)</visible>
				</control>
				<control type="button" id="8023">
					<label>- $LOCALIZE[1034] 3</label>
					<include>DefaultSettingButton</include>
					<onclick>Skin.SelectBool(1034, 626|tvshowslot3_show_inprogress, 20387|tvshowslot3_show_recent, 31122|tvshowslot3_show_unwatched, 31510|tvshowslot3_show_inprogunwatched, 135|tvshowslot3_show_genres, 20388|tvshowslot3_show_studios, 1037|tvshowslot3_show_videoaddons, 351|tvshowslot3_show_none)</onclick>
					<label2>$VAR[TVShowSubMenuSlot3Label2Var]</label2>
					<visible>Skin.HasSetting(slot1_show_tvshows) | Skin.HasSetting(slot2_show_tvshows) | Skin.HasSetting(slot3_show_tvshows) | Skin.HasSetting(slot4_show_tvshows) | Skin.HasSetting(slot5_show_tvshows) | Skin.HasSetting(slot6_show_tvshows) | Skin.HasSetting(slot7_show_tvshows) | Skin.HasSetting(slot8_show_tvshows) | Skin.HasSetting(slot9_show_tvshows) | Skin.HasSetting(slot10_show_tvshows) | Skin.HasSetting(slot11_show_tvshows) | Skin.HasSetting(slot12_show_tvshows)</visible>
				</control>
				<control type="button" id="8024">
					<label>- $LOCALIZE[1034] 4</label>
					<include>DefaultSettingButton</include>
					<onclick>Skin.SelectBool(1034, 626|tvshowslot4_show_inprogress, 20387|tvshowslot4_show_recent, 31122|tvshowslot4_show_unwatched, 31510|tvshowslot4_show_inprogunwatched, 135|tvshowslot4_show_genres, 20388|tvshowslot4_show_studios, 1037|tvshowslot4_show_videoaddons, 351|tvshowslot4_show_none)</onclick>
					<label2>$VAR[TVShowSubMenuSlot4Label2Var]</label2>
					<visible>Skin.HasSetting(slot1_show_tvshows) | Skin.HasSetting(slot2_show_tvshows) | Skin.HasSetting(slot3_show_tvshows) | Skin.HasSetting(slot4_show_tvshows) | Skin.HasSetting(slot5_show_tvshows) | Skin.HasSetting(slot6_show_tvshows) | Skin.HasSetting(slot7_show_tvshows) | Skin.HasSetting(slot8_show_tvshows) | Skin.HasSetting(slot9_show_tvshows) | Skin.HasSetting(slot10_show_tvshows) | Skin.HasSetting(slot11_show_tvshows) | Skin.HasSetting(slot12_show_tvshows)</visible>
				</control>
				<control type="button" id="8025">
					<label>- $LOCALIZE[1034] 5</label>
					<include>DefaultSettingButton</include>
					<onclick>Skin.SelectBool(1034, 626|tvshowslot5_show_inprogress, 20387|tvshowslot5_show_recent, 31122|tvshowslot5_show_unwatched, 31510|tvshowslot5_show_inprogunwatched, 135|tvshowslot5_show_genres, 20388|tvshowslot5_show_studios, 1037|tvshowslot5_show_videoaddons, 351|tvshowslot5_show_none)</onclick>
					<label2>$VAR[TVShowSubMenuSlot5Label2Var]</label2>
					<visible>Skin.HasSetting(slot1_show_tvshows) | Skin.HasSetting(slot2_show_tvshows) | Skin.HasSetting(slot3_show_tvshows) | Skin.HasSetting(slot4_show_tvshows) | Skin.HasSetting(slot5_show_tvshows) | Skin.HasSetting(slot6_show_tvshows) | Skin.HasSetting(slot7_show_tvshows) | Skin.HasSetting(slot8_show_tvshows) | Skin.HasSetting(slot9_show_tvshows) | Skin.HasSetting(slot10_show_tvshows) | Skin.HasSetting(slot11_show_tvshows) | Skin.HasSetting(slot12_show_tvshows)</visible>
				</control>
				<control type="button" id="803">
					<label>$LOCALIZE[2]</label>
					<include>DefaultSettingButton</include>
					<visible>Skin.HasSetting(slot1_show_music) | Skin.HasSetting(slot2_show_music) | Skin.HasSetting(slot3_show_music) | Skin.HasSetting(slot4_show_music) | Skin.HasSetting(slot5_show_music) | Skin.HasSetting(slot6_show_music) | Skin.HasSetting(slot7_show_music) | Skin.HasSetting(slot8_show_music) | Skin.HasSetting(slot9_show_music) | Skin.HasSetting(slot10_show_music) | Skin.HasSetting(slot11_show_music) | Skin.HasSetting(slot12_show_music)</visible>
				</control>
				<control type="button" id="8030">
					<label>- $LOCALIZE[31148]</label>
					<include>DefaultSettingButton</include>
					<onclick>Skin.SelectBool(31148, 602|music_categories_standard, 536|music_categories_icons, 351|music_categories_none)</onclick>
					<label2>$VAR[MusicCategoriesLabel2Var]</label2>
					<visible>Skin.HasSetting(slot1_show_music) | Skin.HasSetting(slot2_show_music) | Skin.HasSetting(slot3_show_music) | Skin.HasSetting(slot4_show_music) | Skin.HasSetting(slot5_show_music) | Skin.HasSetting(slot6_show_music) | Skin.HasSetting(slot7_show_music) | Skin.HasSetting(slot8_show_music) | Skin.HasSetting(slot9_show_music) | Skin.HasSetting(slot10_show_music) | Skin.HasSetting(slot11_show_music) | Skin.HasSetting(slot12_show_music)</visible>
				</control>
				<control type="button" id="8037">
					<label>-- $LOCALIZE[31157]</label>
					<include>DefaultSettingButton</include>
					<onclick condition="System.AddonIsEnabled(plugin.library.node.editor)">ActivateWindow(programs,plugin://plugin.library.node.editor/?ltype=music,return)</onclick>
					<onclick condition="System.HasAddon(plugin.library.node.editor) + !System.AddonIsEnabled(plugin.library.node.editor)">EnableAddon(plugin.library.node.editor)</onclick>
					<onclick condition="!System.HasAddon(plugin.library.node.editor)">InstallAddon(plugin.library.node.editor)</onclick>
					<visible>Skin.HasSetting(slot1_show_music) | Skin.HasSetting(slot2_show_music) | Skin.HasSetting(slot3_show_music) | Skin.HasSetting(slot4_show_music) | Skin.HasSetting(slot5_show_music) | Skin.HasSetting(slot6_show_music) | Skin.HasSetting(slot7_show_music) | Skin.HasSetting(slot8_show_music) | Skin.HasSetting(slot9_show_music) | Skin.HasSetting(slot10_show_music) | Skin.HasSetting(slot11_show_music) | Skin.HasSetting(slot12_show_music)</visible>
				</control>
				<control type="button" id="8031">
					<label>- $LOCALIZE[1034] 1</label>
					<include>DefaultSettingButton</include>
					<onclick>Skin.SelectBool(1034, 517|musicslot1_show_playedalbums, 359|musicslot1_show_addedalbums, 31012|musicslot1_show_randomalbums, 31013|musicslot1_show_randomartists, 31014|musicslot1_show_unplayedalbums, 31011|musicslot1_show_mostplayedalbums, 1038|musicslot1_show_musicaddons, 351|musicslot1_show_none)</onclick>
					<label2>$VAR[MusicSubMenuSlot1Label2Var]</label2>
					<visible>Skin.HasSetting(slot1_show_music) | Skin.HasSetting(slot2_show_music) | Skin.HasSetting(slot3_show_music) | Skin.HasSetting(slot4_show_music) | Skin.HasSetting(slot5_show_music) | Skin.HasSetting(slot6_show_music) | Skin.HasSetting(slot7_show_music) | Skin.HasSetting(slot8_show_music) | Skin.HasSetting(slot9_show_music) | Skin.HasSetting(slot10_show_music) | Skin.HasSetting(slot11_show_music) | Skin.HasSetting(slot12_show_music)</visible>
				</control>
				<control type="button" id="8032">
					<label>- $LOCALIZE[1034] 2</label>
					<include>DefaultSettingButton</include>
					<onclick>Skin.SelectBool(1034, 517|musicslot2_show_playedalbums, 359|musicslot2_show_addedalbums, 31012|musicslot2_show_randomalbums, 31013|musicslot2_show_randomartists, 31014|musicslot2_show_unplayedalbums, 31011|musicslot2_show_mostplayedalbums, 1038|musicslot2_show_musicaddons, 351|musicslot2_show_none)</onclick>
					<label2>$VAR[MusicSubMenuSlot2Label2Var]</label2>
					<visible>Skin.HasSetting(slot1_show_music) | Skin.HasSetting(slot2_show_music) | Skin.HasSetting(slot3_show_music) | Skin.HasSetting(slot4_show_music) | Skin.HasSetting(slot5_show_music) | Skin.HasSetting(slot6_show_music) | Skin.HasSetting(slot7_show_music) | Skin.HasSetting(slot8_show_music) | Skin.HasSetting(slot9_show_music) | Skin.HasSetting(slot10_show_music) | Skin.HasSetting(slot11_show_music) | Skin.HasSetting(slot12_show_music)</visible>
				</control>
				<control type="button" id="8033">
					<label>- $LOCALIZE[1034] 3</label>
					<include>DefaultSettingButton</include>
					<onclick>Skin.SelectBool(1034, 517|musicslot3_show_playedalbums, 359|musicslot3_show_addedalbums, 31012|musicslot3_show_randomalbums, 31013|musicslot3_show_randomartists, 31014|musicslot3_show_unplayedalbums, 31011|musicslot3_show_mostplayedalbums, 1038|musicslot3_show_musicaddons, 351|musicslot3_show_none)</onclick>
					<label2>$VAR[MusicSubMenuSlot3Label2Var]</label2>
					<visible>Skin.HasSetting(slot1_show_music) | Skin.HasSetting(slot2_show_music) | Skin.HasSetting(slot3_show_music) | Skin.HasSetting(slot4_show_music) | Skin.HasSetting(slot5_show_music) | Skin.HasSetting(slot6_show_music) | Skin.HasSetting(slot7_show_music) | Skin.HasSetting(slot8_show_music) | Skin.HasSetting(slot9_show_music) | Skin.HasSetting(slot10_show_music) | Skin.HasSetting(slot11_show_music) | Skin.HasSetting(slot12_show_music)</visible>
				</control>
				<control type="button" id="8034">
					<label>- $LOCALIZE[1034] 4</label>
					<include>DefaultSettingButton</include>
					<onclick>Skin.SelectBool(1034, 517|musicslot4_show_playedalbums, 359|musicslot4_show_addedalbums, 31012|musicslot4_show_randomalbums, 31013|musicslot4_show_randomartists, 31014|musicslot4_show_unplayedalbums, 31011|musicslot4_show_mostplayedalbums, 1038|musicslot4_show_musicaddons, 351|musicslot4_show_none)</onclick>
					<label2>$VAR[MusicSubMenuSlot4Label2Var]</label2>
					<visible>Skin.HasSetting(slot1_show_music) | Skin.HasSetting(slot2_show_music) | Skin.HasSetting(slot3_show_music) | Skin.HasSetting(slot4_show_music) | Skin.HasSetting(slot5_show_music) | Skin.HasSetting(slot6_show_music) | Skin.HasSetting(slot7_show_music) | Skin.HasSetting(slot8_show_music) | Skin.HasSetting(slot9_show_music) | Skin.HasSetting(slot10_show_music) | Skin.HasSetting(slot11_show_music) | Skin.HasSetting(slot12_show_music)</visible>
				</control>
				<control type="button" id="8035">
					<label>- $LOCALIZE[1034] 5</label>
					<include>DefaultSettingButton</include>
					<onclick>Skin.SelectBool(1034, 517|musicslot5_show_playedalbums, 359|musicslot5_show_addedalbums, 31012|musicslot5_show_randomalbums, 31013|musicslot5_show_randomartists, 31014|musicslot5_show_unplayedalbums, 31011|musicslot5_show_mostplayedalbums, 1038|musicslot5_show_musicaddons, 351|musicslot5_show_none)</onclick>
					<label2>$VAR[MusicSubMenuSlot5Label2Var]</label2>
					<visible>Skin.HasSetting(slot1_show_music) | Skin.HasSetting(slot2_show_music) | Skin.HasSetting(slot3_show_music) | Skin.HasSetting(slot4_show_music) | Skin.HasSetting(slot5_show_music) | Skin.HasSetting(slot6_show_music) | Skin.HasSetting(slot7_show_music) | Skin.HasSetting(slot8_show_music) | Skin.HasSetting(slot9_show_music) | Skin.HasSetting(slot10_show_music) | Skin.HasSetting(slot11_show_music) | Skin.HasSetting(slot12_show_music)</visible>
				</control>
				<control type="button" id="8036">
					<label>- $LOCALIZE[1034] 6</label>
					<include>DefaultSettingButton</include>
					<onclick>Skin.SelectBool(1034, 517|musicslot6_show_playedalbums, 359|musicslot6_show_addedalbums, 31012|musicslot6_show_randomalbums, 31013|musicslot6_show_randomartists, 31014|musicslot6_show_unplayedalbums, 31011|musicslot6_show_mostplayedalbums, 1038|musicslot6_show_musicaddons, 351|musicslot6_show_none)</onclick>
					<label2>$VAR[MusicSubMenuSlot6Label2Var]</label2>
					<visible>Skin.HasSetting(slot1_show_music) | Skin.HasSetting(slot2_show_music) | Skin.HasSetting(slot3_show_music) | Skin.HasSetting(slot4_show_music) | Skin.HasSetting(slot5_show_music) | Skin.HasSetting(slot6_show_music) | Skin.HasSetting(slot7_show_music) | Skin.HasSetting(slot8_show_music) | Skin.HasSetting(slot9_show_music) | Skin.HasSetting(slot10_show_music) | Skin.HasSetting(slot11_show_music) | Skin.HasSetting(slot12_show_music)</visible>
				</control>
				<control type="button" id="806">
					<label>20389</label>
					<include>DefaultSettingButton</include>
					<visible>Skin.HasSetting(slot1_show_musicvideos) | Skin.HasSetting(slot2_show_musicvideos) | Skin.HasSetting(slot3_show_musicvideos) | Skin.HasSetting(slot4_show_musicvideos) | Skin.HasSetting(slot5_show_musicvideos) | Skin.HasSetting(slot6_show_musicvideos) | Skin.HasSetting(slot7_show_musicvideos) | Skin.HasSetting(slot8_show_musicvideos) | Skin.HasSetting(slot9_show_musicvideos) | Skin.HasSetting(slot10_show_musicvideos) | Skin.HasSetting(slot11_show_musicvideos) | Skin.HasSetting(slot12_show_musicvideos)</visible>
				</control>
				<control type="button" id="8060">
					<label>- $LOCALIZE[31148]</label>
					<include>DefaultSettingButton</include>
					<onclick>Skin.SelectBool(31148, 602|musicvideo_categories_standard, 536|musicvideo_categories_icons, 351|musicvideo_categories_none)</onclick>
					<label2>$VAR[MusicVideoCategoriesLabel2Var]</label2>
					<visible>Skin.HasSetting(slot1_show_musicvideos) | Skin.HasSetting(slot2_show_musicvideos) | Skin.HasSetting(slot3_show_musicvideos) | Skin.HasSetting(slot4_show_musicvideos) | Skin.HasSetting(slot5_show_musicvideos) | Skin.HasSetting(slot6_show_musicvideos) | Skin.HasSetting(slot7_show_musicvideos) | Skin.HasSetting(slot8_show_musicvideos) | Skin.HasSetting(slot9_show_musicvideos) | Skin.HasSetting(slot10_show_musicvideos) | Skin.HasSetting(slot11_show_musicvideos) | Skin.HasSetting(slot12_show_musicvideos)</visible>
				</control>
				<control type="button" id="8066">
					<label>-- $LOCALIZE[31157]</label>
					<include>DefaultSettingButton</include>
					<onclick condition="System.HasAddon(plugin.library.node.editor)">ActivateWindow(programs,plugin://plugin.library.node.editor/?ltype=music,return)</onclick>
					<onclick condition="!System.HasAddon(plugin.library.node.editor)">InstallAddon(plugin.library.node.editor)</onclick>
					<visible>Skin.HasSetting(slot1_show_musicvideos) | Skin.HasSetting(slot2_show_musicvideos) | Skin.HasSetting(slot3_show_musicvideos) | Skin.HasSetting(slot4_show_musicvideos) | Skin.HasSetting(slot5_show_musicvideos) | Skin.HasSetting(slot6_show_musicvideos) | Skin.HasSetting(slot7_show_musicvideos) | Skin.HasSetting(slot8_show_musicvideos) | Skin.HasSetting(slot9_show_musicvideos) | Skin.HasSetting(slot10_show_musicvideos) | Skin.HasSetting(slot11_show_musicvideos) | Skin.HasSetting(slot12_show_musicvideos)</visible>
				</control>
				<control type="button" id="8061">
					<label>- $LOCALIZE[1034] 1</label>
					<include>DefaultSettingButton</include>
					<onclick>Skin.SelectBool(1034, 20390|mvslot1_show_recent, 31151|mvslot1_show_unwatched, 31013|mvslot1_show_randomartists, 31152|mvslot1_show_randomvideos, 20388|mvslot1_show_studios, 351|mvslot1_show_none)</onclick>
					<label2>$VAR[MVSubMenuSlot1Label2Var]</label2>
					<visible>Skin.HasSetting(slot1_show_musicvideos) | Skin.HasSetting(slot2_show_musicvideos) | Skin.HasSetting(slot3_show_musicvideos) | Skin.HasSetting(slot4_show_musicvideos) | Skin.HasSetting(slot5_show_musicvideos) | Skin.HasSetting(slot6_show_musicvideos) | Skin.HasSetting(slot7_show_musicvideos) | Skin.HasSetting(slot8_show_musicvideos) | Skin.HasSetting(slot9_show_musicvideos) | Skin.HasSetting(slot10_show_musicvideos) | Skin.HasSetting(slot11_show_musicvideos) | Skin.HasSetting(slot12_show_musicvideos)</visible>
				</control>
				<control type="button" id="8062">
					<label>- $LOCALIZE[1034] 2</label>
					<include>DefaultSettingButton</include>
					<onclick>Skin.SelectBool(1034, 20390|mvslot2_show_recent, 31151|mvslot2_show_unwatched, 31013|mvslot2_show_randomartists, 31152|mvslot2_show_randomvideos, 20388|mvslot2_show_studios, 351|mvslot2_show_none)</onclick>
					<label2>$VAR[MVSubMenuSlot2Label2Var]</label2>
					<visible>Skin.HasSetting(slot1_show_musicvideos) | Skin.HasSetting(slot2_show_musicvideos) | Skin.HasSetting(slot3_show_musicvideos) | Skin.HasSetting(slot4_show_musicvideos) | Skin.HasSetting(slot5_show_musicvideos) | Skin.HasSetting(slot6_show_musicvideos) | Skin.HasSetting(slot7_show_musicvideos) | Skin.HasSetting(slot8_show_musicvideos) | Skin.HasSetting(slot9_show_musicvideos) | Skin.HasSetting(slot10_show_musicvideos) | Skin.HasSetting(slot11_show_musicvideos) | Skin.HasSetting(slot12_show_musicvideos)</visible>
				</control>
				<control type="button" id="8063">
					<label>- $LOCALIZE[1034] 3</label>
					<include>DefaultSettingButton</include>
					<onclick>Skin.SelectBool(1034, 20390|mvslot3_show_recent, 31151|mvslot3_show_unwatched, 31013|mvslot3_show_randomartists, 31152|mvslot3_show_randomvideos, 20388|mvslot3_show_studios, 351|mvslot3_show_none)</onclick>
					<label2>$VAR[MVSubMenuSlot3Label2Var]</label2>
					<visible>Skin.HasSetting(slot1_show_musicvideos) | Skin.HasSetting(slot2_show_musicvideos) | Skin.HasSetting(slot3_show_musicvideos) | Skin.HasSetting(slot4_show_musicvideos) | Skin.HasSetting(slot5_show_musicvideos) | Skin.HasSetting(slot6_show_musicvideos) | Skin.HasSetting(slot7_show_musicvideos) | Skin.HasSetting(slot8_show_musicvideos) | Skin.HasSetting(slot9_show_musicvideos) | Skin.HasSetting(slot10_show_musicvideos) | Skin.HasSetting(slot11_show_musicvideos) | Skin.HasSetting(slot12_show_musicvideos)</visible>
				</control>
				<control type="button" id="8064">
					<label>- $LOCALIZE[1034] 4</label>
					<include>DefaultSettingButton</include>
					<onclick>Skin.SelectBool(1034, 20390|mvslot4_show_recent, 31151|mvslot4_show_unwatched, 31013|mvslot4_show_randomartists, 31152|mvslot4_show_randomvideos, 20388|mvslot4_show_studios, 351|mvslot4_show_none)</onclick>
					<label2>$VAR[MVSubMenuSlot4Label2Var]</label2>
					<visible>Skin.HasSetting(slot1_show_musicvideos) | Skin.HasSetting(slot2_show_musicvideos) | Skin.HasSetting(slot3_show_musicvideos) | Skin.HasSetting(slot4_show_musicvideos) | Skin.HasSetting(slot5_show_musicvideos) | Skin.HasSetting(slot6_show_musicvideos) | Skin.HasSetting(slot7_show_musicvideos) | Skin.HasSetting(slot8_show_musicvideos) | Skin.HasSetting(slot9_show_musicvideos) | Skin.HasSetting(slot10_show_musicvideos) | Skin.HasSetting(slot11_show_musicvideos) | Skin.HasSetting(slot12_show_musicvideos)</visible>
				</control>
				<control type="button" id="8065">
					<label>- $LOCALIZE[1034] 5</label>
					<include>DefaultSettingButton</include>
					<onclick>Skin.SelectBool(1034, 20390|mvslot5_show_recent, 31151|mvslot5_show_unwatched, 31013|mvslot5_show_randomartists, 31152|mvslot5_show_randomvideos, 20388|mvslot5_show_studios, 351|mvslot5_show_none)</onclick>
					<label2>$VAR[MVSubMenuSlot5Label2Var]</label2>
					<visible>Skin.HasSetting(slot1_show_musicvideos) | Skin.HasSetting(slot2_show_musicvideos) | Skin.HasSetting(slot3_show_musicvideos) | Skin.HasSetting(slot4_show_musicvideos) | Skin.HasSetting(slot5_show_musicvideos) | Skin.HasSetting(slot6_show_musicvideos) | Skin.HasSetting(slot7_show_musicvideos) | Skin.HasSetting(slot8_show_musicvideos) | Skin.HasSetting(slot9_show_musicvideos) | Skin.HasSetting(slot10_show_musicvideos) | Skin.HasSetting(slot11_show_musicvideos) | Skin.HasSetting(slot12_show_musicvideos)</visible>
				</control>
				<control type="button" id="804">
					<label>$LOCALIZE[19020]</label>
					<include>DefaultSettingButton</include>
					<visible>Skin.HasSetting(slot1_show_tv) | Skin.HasSetting(slot2_show_tv) | Skin.HasSetting(slot3_show_tv) | Skin.HasSetting(slot4_show_tv) | Skin.HasSetting(slot5_show_tv) | Skin.HasSetting(slot6_show_tv) | Skin.HasSetting(slot7_show_tv) | Skin.HasSetting(slot8_show_tv) | Skin.HasSetting(slot9_show_tv) | Skin.HasSetting(slot10_show_tv) | Skin.HasSetting(slot11_show_tv) | Skin.HasSetting(slot12_show_tv)</visible>
				</control>
				<control type="button" id="8040">
					<label>- $LOCALIZE[31148]</label>
					<include>DefaultSettingButton</include>
					<onclick>Skin.SelectBool(31148, 602|tv_categories_standard, 536|tv_categories_icons, 351|tv_categories_none)</onclick>
					<label2>$VAR[TVCategoriesLabel2Var]</label2>
					<visible>Skin.HasSetting(slot1_show_tv) | Skin.HasSetting(slot2_show_tv) | Skin.HasSetting(slot3_show_tv) | Skin.HasSetting(slot4_show_tv) | Skin.HasSetting(slot5_show_tv) | Skin.HasSetting(slot6_show_tv) | Skin.HasSetting(slot7_show_tv) | Skin.HasSetting(slot8_show_tv) | Skin.HasSetting(slot9_show_tv) | Skin.HasSetting(slot10_show_tv) | Skin.HasSetting(slot11_show_tv) | Skin.HasSetting(slot12_show_tv)</visible>
				</control>
				<control type="button" id="8041">
					<label>- $LOCALIZE[1034] 1</label>
					<include>DefaultSettingButton</include>
					<onclick>Skin.SelectBool(1034, 31016|tvslot1_show_channels, 31015|tvslot1_show_recordings, 19040|tvslot1_show_timers, 19173|tvslot1_show_channelgroups, 19337|tvslot1_show_search, 351|tvslot1_show_none)</onclick>
					<label2>$VAR[TVSubMenuSlot1Label2Var]</label2>
					<visible>Skin.HasSetting(slot1_show_tv) | Skin.HasSetting(slot2_show_tv) | Skin.HasSetting(slot3_show_tv) | Skin.HasSetting(slot4_show_tv) | Skin.HasSetting(slot5_show_tv) | Skin.HasSetting(slot6_show_tv) | Skin.HasSetting(slot7_show_tv) | Skin.HasSetting(slot8_show_tv) | Skin.HasSetting(slot9_show_tv) | Skin.HasSetting(slot10_show_tv) | Skin.HasSetting(slot11_show_tv) | Skin.HasSetting(slot12_show_tv)</visible>
				</control>
				<control type="button" id="8042">
					<label>- $LOCALIZE[1034] 2</label>
					<include>DefaultSettingButton</include>
					<onclick>Skin.SelectBool(1034, 31016|tvslot2_show_channels, 31015|tvslot2_show_recordings, 19040|tvslot2_show_timers, 19173|tvslot2_show_channelgroups, 19337|tvslot2_show_search, 351|tvslot2_show_none)</onclick>
					<label2>$VAR[TVSubMenuSlot2Label2Var]</label2>
					<visible>Skin.HasSetting(slot1_show_tv) | Skin.HasSetting(slot2_show_tv) | Skin.HasSetting(slot3_show_tv) | Skin.HasSetting(slot4_show_tv) | Skin.HasSetting(slot5_show_tv) | Skin.HasSetting(slot6_show_tv) | Skin.HasSetting(slot7_show_tv) | Skin.HasSetting(slot8_show_tv) | Skin.HasSetting(slot9_show_tv) | Skin.HasSetting(slot10_show_tv) | Skin.HasSetting(slot11_show_tv) | Skin.HasSetting(slot12_show_tv)</visible>
				</control>
				<control type="button" id="8043">
					<label>- $LOCALIZE[1034] 3</label>
					<include>DefaultSettingButton</include>
					<onclick>Skin.SelectBool(1034, 31016|tvslot3_show_channels, 31015|tvslot3_show_recordings, 19040|tvslot3_show_timers, 19173|tvslot3_show_channelgroups, 19337|tvslot3_show_search, 351|tvslot3_show_none)</onclick>
					<label2>$VAR[TVSubMenuSlot3Label2Var]</label2>
					<visible>Skin.HasSetting(slot1_show_tv) | Skin.HasSetting(slot2_show_tv) | Skin.HasSetting(slot3_show_tv) | Skin.HasSetting(slot4_show_tv) | Skin.HasSetting(slot5_show_tv) | Skin.HasSetting(slot6_show_tv) | Skin.HasSetting(slot7_show_tv) | Skin.HasSetting(slot8_show_tv) | Skin.HasSetting(slot9_show_tv) | Skin.HasSetting(slot10_show_tv) | Skin.HasSetting(slot11_show_tv) | Skin.HasSetting(slot12_show_tv)</visible>
				</control>
				<control type="button" id="8044">
					<label>- $LOCALIZE[1034] 4</label>
					<include>DefaultSettingButton</include>
					<onclick>Skin.SelectBool(1034, 31016|tvslot4_show_channels, 31015|tvslot4_show_recordings, 19040|tvslot4_show_timers, 19173|tvslot4_show_channelgroups, 19337|tvslot4_show_search, 351|tvslot4_show_none)</onclick>
					<label2>$VAR[TVSubMenuSlot4Label2Var]</label2>
					<visible>Skin.HasSetting(slot1_show_tv) | Skin.HasSetting(slot2_show_tv) | Skin.HasSetting(slot3_show_tv) | Skin.HasSetting(slot4_show_tv) | Skin.HasSetting(slot5_show_tv) | Skin.HasSetting(slot6_show_tv) | Skin.HasSetting(slot7_show_tv) | Skin.HasSetting(slot8_show_tv) | Skin.HasSetting(slot9_show_tv) | Skin.HasSetting(slot10_show_tv) | Skin.HasSetting(slot11_show_tv) | Skin.HasSetting(slot12_show_tv)</visible>
				</control>
				<control type="button" id="8045">
					<label>- $LOCALIZE[1034] 5</label>
					<include>DefaultSettingButton</include>
					<onclick>Skin.SelectBool(1034, 31016|tvslot5_show_channels, 31015|tvslot5_show_recordings, 19040|tvslot5_show_timers, 19173|tvslot5_show_channelgroups, 19337|tvslot5_show_search, 351|tvslot5_show_none)</onclick>
					<label2>$VAR[TVSubMenuSlot5Label2Var]</label2>
					<visible>Skin.HasSetting(slot1_show_tv) | Skin.HasSetting(slot2_show_tv) | Skin.HasSetting(slot3_show_tv) | Skin.HasSetting(slot4_show_tv) | Skin.HasSetting(slot5_show_tv) | Skin.HasSetting(slot6_show_tv) | Skin.HasSetting(slot7_show_tv) | Skin.HasSetting(slot8_show_tv) | Skin.HasSetting(slot9_show_tv) | Skin.HasSetting(slot10_show_tv) | Skin.HasSetting(slot11_show_tv) | Skin.HasSetting(slot12_show_tv)</visible>
				</control>
				<control type="button" id="807">
					<label>$LOCALIZE[19021]</label>
					<include>DefaultSettingButton</include>
					<visible>Skin.HasSetting(slot1_show_radio) | Skin.HasSetting(slot2_show_radio) | Skin.HasSetting(slot3_show_radio) | Skin.HasSetting(slot4_show_radio) | Skin.HasSetting(slot5_show_radio) | Skin.HasSetting(slot6_show_radio) | Skin.HasSetting(slot7_show_radio) | Skin.HasSetting(slot8_show_radio) | Skin.HasSetting(slot9_show_radio) | Skin.HasSetting(slot10_show_radio) | Skin.HasSetting(slot11_show_radio) | Skin.HasSetting(slot12_show_radio)</visible>
				</control>
				<control type="button" id="8070">
					<label>- $LOCALIZE[31148]</label>
					<include>DefaultSettingButton</include>
					<onclick>Skin.SelectBool(31148, 602|radio_categories_standard, 536|radio_categories_icons, 351|radio_categories_none)</onclick>
					<label2>$VAR[RadioCategoriesLabel2Var]</label2>
					<visible>Skin.HasSetting(slot1_show_radio) | Skin.HasSetting(slot2_show_radio) | Skin.HasSetting(slot3_show_radio) | Skin.HasSetting(slot4_show_radio) | Skin.HasSetting(slot5_show_radio) | Skin.HasSetting(slot6_show_radio) | Skin.HasSetting(slot7_show_radio) | Skin.HasSetting(slot8_show_radio) | Skin.HasSetting(slot9_show_radio) | Skin.HasSetting(slot10_show_radio) | Skin.HasSetting(slot11_show_radio) | Skin.HasSetting(slot12_show_radio)</visible>
				</control>
				<control type="button" id="8071">
					<label>- $LOCALIZE[1034] 1</label>
					<include>DefaultSettingButton</include>
					<onclick>Skin.SelectBool(1034, 31016|radioslot1_show_channels, 31015|radioslot1_show_recordings, 19040|radioslot1_show_timers, 19174|radioslot1_show_channelgroups, 19337|radioslot1_show_search, 351|radioslot1_show_none)</onclick>
					<label2>$VAR[RadioSubMenuSlot1Label2Var]</label2>
					<visible>Skin.HasSetting(slot1_show_radio) | Skin.HasSetting(slot2_show_radio) | Skin.HasSetting(slot3_show_radio) | Skin.HasSetting(slot4_show_radio) | Skin.HasSetting(slot5_show_radio) | Skin.HasSetting(slot6_show_radio) | Skin.HasSetting(slot7_show_radio) | Skin.HasSetting(slot8_show_radio) | Skin.HasSetting(slot9_show_radio) | Skin.HasSetting(slot10_show_radio) | Skin.HasSetting(slot11_show_radio) | Skin.HasSetting(slot12_show_radio)</visible>
				</control>
				<control type="button" id="8072">
					<label>- $LOCALIZE[1034] 2</label>
					<include>DefaultSettingButton</include>
					<onclick>Skin.SelectBool(1034, 31016|radioslot2_show_channels, 31015|radioslot2_show_recordings, 19040|radioslot2_show_timers, 19174|radioslot2_show_channelgroups, 19337|radioslot2_show_search, 351|radioslot2_show_none)</onclick>
					<label2>$VAR[RadioSubMenuSlot2Label2Var]</label2>
					<visible>Skin.HasSetting(slot1_show_radio) | Skin.HasSetting(slot2_show_radio) | Skin.HasSetting(slot3_show_radio) | Skin.HasSetting(slot4_show_radio) | Skin.HasSetting(slot5_show_radio) | Skin.HasSetting(slot6_show_radio) | Skin.HasSetting(slot7_show_radio) | Skin.HasSetting(slot8_show_radio) | Skin.HasSetting(slot9_show_radio) | Skin.HasSetting(slot10_show_radio) | Skin.HasSetting(slot11_show_radio) | Skin.HasSetting(slot12_show_radio)</visible>
				</control>
				<control type="button" id="8073">
					<label>- $LOCALIZE[1034] 3</label>
					<include>DefaultSettingButton</include>
					<onclick>Skin.SelectBool(1034, 31016|radioslot3_show_channels, 31015|radioslot3_show_recordings, 19040|radioslot3_show_timers, 19174|radioslot3_show_channelgroups, 19337|radioslot3_show_search, 351|radioslot3_show_none)</onclick>
					<label2>$VAR[RadioSubMenuSlot3Label2Var]</label2>
					<visible>Skin.HasSetting(slot1_show_radio) | Skin.HasSetting(slot2_show_radio) | Skin.HasSetting(slot3_show_radio) | Skin.HasSetting(slot4_show_radio) | Skin.HasSetting(slot5_show_radio) | Skin.HasSetting(slot6_show_radio) | Skin.HasSetting(slot7_show_radio) | Skin.HasSetting(slot8_show_radio) | Skin.HasSetting(slot9_show_radio) | Skin.HasSetting(slot10_show_radio) | Skin.HasSetting(slot11_show_radio) | Skin.HasSetting(slot12_show_radio)</visible>
				</control>
				<control type="button" id="8074">
					<label>- $LOCALIZE[1034] 4</label>
					<include>DefaultSettingButton</include>
					<onclick>Skin.SelectBool(1034, 31016|radioslot4_show_channels, 31015|radioslot4_show_recordings, 19040|radioslot4_show_timers, 19174|radioslot4_show_channelgroups, 19337|radioslot4_show_search, 351|radioslot4_show_none)</onclick>
					<label2>$VAR[RadioSubMenuSlot4Label2Var]</label2>
					<visible>Skin.HasSetting(slot1_show_radio) | Skin.HasSetting(slot2_show_radio) | Skin.HasSetting(slot3_show_radio) | Skin.HasSetting(slot4_show_radio) | Skin.HasSetting(slot5_show_radio) | Skin.HasSetting(slot6_show_radio) | Skin.HasSetting(slot7_show_radio) | Skin.HasSetting(slot8_show_radio) | Skin.HasSetting(slot9_show_radio) | Skin.HasSetting(slot10_show_radio) | Skin.HasSetting(slot11_show_radio) | Skin.HasSetting(slot12_show_radio)</visible>
				</control>
				<control type="button" id="8075">
					<label>- $LOCALIZE[1034] 5</label>
					<include>DefaultSettingButton</include>
					<onclick>Skin.SelectBool(1034, 31016|radioslot5_show_channels, 31015|radioslot5_show_recordings, 19040|radioslot5_show_timers, 19174|radioslot5_show_channelgroups, 19337|radioslot5_show_search, 351|radioslot5_show_none)</onclick>
					<label2>$VAR[RadioSubMenuSlot5Label2Var]</label2>
					<visible>Skin.HasSetting(slot1_show_radio) | Skin.HasSetting(slot2_show_radio) | Skin.HasSetting(slot3_show_radio) | Skin.HasSetting(slot4_show_radio) | Skin.HasSetting(slot5_show_radio) | Skin.HasSetting(slot6_show_radio) | Skin.HasSetting(slot7_show_radio) | Skin.HasSetting(slot8_show_radio) | Skin.HasSetting(slot9_show_radio) | Skin.HasSetting(slot10_show_radio) | Skin.HasSetting(slot11_show_radio) | Skin.HasSetting(slot12_show_radio)</visible>
				</control>
				<control type="button" id="808">
					<label>$LOCALIZE[10821]</label>
					<include>DefaultSettingButton</include>
					<visible>Skin.HasSetting(slot1_show_games) | Skin.HasSetting(slot2_show_games) | Skin.HasSetting(slot3_show_games) | Skin.HasSetting(slot4_show_games) | Skin.HasSetting(slot5_show_games) | Skin.HasSetting(slot6_show_games) | Skin.HasSetting(slot7_show_games) | Skin.HasSetting(slot8_show_games) | Skin.HasSetting(slot9_show_games) | Skin.HasSetting(slot10_show_games) | Skin.HasSetting(slot11_show_games) | Skin.HasSetting(slot12_show_games)</visible>
				</control>				
				<control type="radiobutton" id="8081">
					<label>- $LOCALIZE[35049]</label>
					<include>DefaultSettingButton</include>
					<selected>!Skin.HasSetting(no_games)</selected>
					<onclick>Skin.ToggleSetting(no_games)</onclick>
					<visible>Skin.HasSetting(slot1_show_games) | Skin.HasSetting(slot2_show_games) | Skin.HasSetting(slot3_show_games) | Skin.HasSetting(slot4_show_games) | Skin.HasSetting(slot5_show_games) | Skin.HasSetting(slot6_show_games) | Skin.HasSetting(slot7_show_games) | Skin.HasSetting(slot8_show_games) | Skin.HasSetting(slot9_show_games) | Skin.HasSetting(slot10_show_games) | Skin.HasSetting(slot11_show_games) | Skin.HasSetting(slot12_show_games)</visible>
				</control>
				<control type="button" id="805">
					<label>$LOCALIZE[24000]</label>
					<include>DefaultSettingButton</include>
					<visible>Skin.HasSetting(slot1_show_addons) | Skin.HasSetting(slot2_show_addons) | Skin.HasSetting(slot3_show_addons) | Skin.HasSetting(slot4_show_addons) | Skin.HasSetting(slot5_show_addons) | Skin.HasSetting(slot6_show_addons) | Skin.HasSetting(slot7_show_addons) | Skin.HasSetting(slot8_show_addons) | Skin.HasSetting(slot9_show_addons) | Skin.HasSetting(slot10_show_addons) | Skin.HasSetting(slot11_show_addons) | Skin.HasSetting(slot12_show_addons)</visible>
				</control>
				<control type="button" id="8050">
					<label>- $LOCALIZE[31148]</label>
					<include>DefaultSettingButton</include>
					<onclick>Skin.SelectBool(31148, 602|addon_categories_standard, 536|addon_categories_icons, 351|addon_categories_none)</onclick>
					<label2>$VAR[AddonCategoriesLabel2Var]</label2>
					<visible>Skin.HasSetting(slot1_show_addons) | Skin.HasSetting(slot2_show_addons) | Skin.HasSetting(slot3_show_addons) | Skin.HasSetting(slot4_show_addons) | Skin.HasSetting(slot5_show_addons) | Skin.HasSetting(slot6_show_addons) | Skin.HasSetting(slot7_show_addons) | Skin.HasSetting(slot8_show_addons) | Skin.HasSetting(slot9_show_addons) | Skin.HasSetting(slot10_show_addons) | Skin.HasSetting(slot11_show_addons) | Skin.HasSetting(slot12_show_addons)</visible>
				</control>
				<control type="button" id="8051">
					<label>- $LOCALIZE[1034] 1</label>
					<include>DefaultSettingButton</include>
					<onclick>Skin.SelectBool(1034, 1037|addonslot1_show_video, 1038|addonslot1_show_music, 35049|addonslot1_show_games, 1043|addonslot1_show_programs, 20244|addonslot1_show_android, 1039|addonslot1_show_pictures, 351|addonslot1_show_none)</onclick>
					<label2>$VAR[AddonSubMenuSlot1Label2Var]</label2>
					<visible>Skin.HasSetting(slot1_show_addons) | Skin.HasSetting(slot2_show_addons) | Skin.HasSetting(slot3_show_addons) | Skin.HasSetting(slot4_show_addons) | Skin.HasSetting(slot5_show_addons) | Skin.HasSetting(slot6_show_addons) | Skin.HasSetting(slot7_show_addons) | Skin.HasSetting(slot8_show_addons) | Skin.HasSetting(slot9_show_addons) | Skin.HasSetting(slot10_show_addons) | Skin.HasSetting(slot11_show_addons) | Skin.HasSetting(slot12_show_addons)</visible>
				</control>
				<control type="button" id="8052">
					<label>- $LOCALIZE[1034] 2</label>
					<include>DefaultSettingButton</include>
					<onclick>Skin.SelectBool(1034, 1037|addonslot2_show_video, 1038|addonslot2_show_music, 35049|addonslot2_show_games, 1043|addonslot2_show_programs, 20244|addonslot2_show_android, 1039|addonslot2_show_pictures, 351|addonslot2_show_none)</onclick>
					<label2>$VAR[AddonSubMenuSlot2Label2Var]</label2>
					<visible>Skin.HasSetting(slot1_show_addons) | Skin.HasSetting(slot2_show_addons) | Skin.HasSetting(slot3_show_addons) | Skin.HasSetting(slot4_show_addons) | Skin.HasSetting(slot5_show_addons) | Skin.HasSetting(slot6_show_addons) | Skin.HasSetting(slot7_show_addons) | Skin.HasSetting(slot8_show_addons) | Skin.HasSetting(slot9_show_addons) | Skin.HasSetting(slot10_show_addons) | Skin.HasSetting(slot11_show_addons) | Skin.HasSetting(slot12_show_addons)</visible>
				</control>
				<control type="button" id="8053">
					<label>- $LOCALIZE[1034] 3</label>
					<include>DefaultSettingButton</include>
					<onclick>Skin.SelectBool(1034, 1037|addonslot3_show_video, 1038|addonslot3_show_music, 35049|addonslot3_show_games, 1043|addonslot3_show_programs, 20244|addonslot3_show_android, 1039|addonslot3_show_pictures, 351|addonslot3_show_none)</onclick>
					<label2>$VAR[AddonSubMenuSlot3Label2Var]</label2>
					<visible>Skin.HasSetting(slot1_show_addons) | Skin.HasSetting(slot2_show_addons) | Skin.HasSetting(slot3_show_addons) | Skin.HasSetting(slot4_show_addons) | Skin.HasSetting(slot5_show_addons) | Skin.HasSetting(slot6_show_addons) | Skin.HasSetting(slot7_show_addons) | Skin.HasSetting(slot8_show_addons) | Skin.HasSetting(slot9_show_addons) | Skin.HasSetting(slot10_show_addons) | Skin.HasSetting(slot11_show_addons) | Skin.HasSetting(slot12_show_addons)</visible>
				</control>
				<control type="button" id="8054">
					<label>- $LOCALIZE[1034] 4</label>
					<include>DefaultSettingButton</include>
					<onclick>Skin.SelectBool(1034, 1037|addonslot4_show_video, 1038|addonslot4_show_music, 35049|addonslot4_show_games, 1043|addonslot4_show_programs, 20244|addonslot4_show_android, 1039|addonslot4_show_pictures, 351|addonslot4_show_none)</onclick>
					<label2>$VAR[AddonSubMenuSlot4Label2Var]</label2>
					<visible>Skin.HasSetting(slot1_show_addons) | Skin.HasSetting(slot2_show_addons) | Skin.HasSetting(slot3_show_addons) | Skin.HasSetting(slot4_show_addons) | Skin.HasSetting(slot5_show_addons) | Skin.HasSetting(slot6_show_addons) | Skin.HasSetting(slot7_show_addons) | Skin.HasSetting(slot8_show_addons) | Skin.HasSetting(slot9_show_addons) | Skin.HasSetting(slot10_show_addons) | Skin.HasSetting(slot11_show_addons) | Skin.HasSetting(slot12_show_addons)</visible>
				</control>				
				<control type="button" id="8055">
					<label>- $LOCALIZE[1034] 5</label>
					<include>DefaultSettingButton</include>
					<onclick>Skin.SelectBool(1034, 1037|addonslot5_show_video, 1038|addonslot5_show_music, 35049|addonslot5_show_games, 1043|addonslot5_show_programs, 20244|addonslot5_show_android, 1039|addonslot5_show_pictures, 351|addonslot5_show_none)</onclick>
					<label2>$VAR[AddonSubMenuSlot5Label2Var]</label2>
					<visible>Skin.HasSetting(slot1_show_addons) | Skin.HasSetting(slot2_show_addons) | Skin.HasSetting(slot3_show_addons) | Skin.HasSetting(slot4_show_addons) | Skin.HasSetting(slot5_show_addons) | Skin.HasSetting(slot6_show_addons) | Skin.HasSetting(slot7_show_addons) | Skin.HasSetting(slot8_show_addons) | Skin.HasSetting(slot9_show_addons) | Skin.HasSetting(slot10_show_addons) | Skin.HasSetting(slot11_show_addons) | Skin.HasSetting(slot12_show_addons)</visible>
				</control>
				<control type="button" id="8056">
					<label>- $LOCALIZE[1034] 6</label>
					<include>DefaultSettingButton</include>
					<onclick>Skin.SelectBool(1034, 1037|addonslot6_show_video, 1038|addonslot6_show_music, 35049|addonslot6_show_games, 1043|addonslot6_show_programs, 20244|addonslot6_show_android, 1039|addonslot6_show_pictures, 351|addonslot6_show_none)</onclick>
					<label2>$VAR[AddonSubMenuSlot6Label2Var]</label2>
					<visible>Skin.HasSetting(slot1_show_addons) | Skin.HasSetting(slot2_show_addons) | Skin.HasSetting(slot3_show_addons) | Skin.HasSetting(slot4_show_addons) | Skin.HasSetting(slot5_show_addons) | Skin.HasSetting(slot6_show_addons) | Skin.HasSetting(slot7_show_addons) | Skin.HasSetting(slot8_show_addons) | Skin.HasSetting(slot9_show_addons) | Skin.HasSetting(slot10_show_addons) | Skin.HasSetting(slot11_show_addons) | Skin.HasSetting(slot12_show_addons)</visible>
				</control>
				<control type="button" id="809">
					<label>$LOCALIZE[1]</label>
					<include>DefaultSettingButton</include>
					<visible>Skin.HasSetting(slot1_show_pictures) | Skin.HasSetting(slot2_show_pictures) | Skin.HasSetting(slot3_show_pictures) | Skin.HasSetting(slot4_show_pictures) | Skin.HasSetting(slot5_show_pictures) | Skin.HasSetting(slot6_show_pictures) | Skin.HasSetting(slot7_show_pictures) | Skin.HasSetting(slot8_show_pictures) | Skin.HasSetting(slot9_show_pictures) | Skin.HasSetting(slot10_show_pictures) | Skin.HasSetting(slot11_show_pictures) | Skin.HasSetting(slot12_show_pictures)</visible>
				</control>
				<control type="button" id="8090">
					<label>- $LOCALIZE[31148]</label>
					<include>DefaultSettingButton</include>
					<onclick>Skin.SelectBool(31148, 602|picture_categories_standard, 536|picture_categories_icons, 351|picture_categories_none)</onclick>
					<label2>$VAR[PictureCategoriesLabel2Var]</label2>
					<visible>Skin.HasSetting(slot1_show_pictures) | Skin.HasSetting(slot2_show_pictures) | Skin.HasSetting(slot3_show_pictures) | Skin.HasSetting(slot4_show_pictures) | Skin.HasSetting(slot5_show_pictures) | Skin.HasSetting(slot6_show_pictures) | Skin.HasSetting(slot7_show_pictures) | Skin.HasSetting(slot8_show_pictures) | Skin.HasSetting(slot9_show_pictures) | Skin.HasSetting(slot10_show_pictures) | Skin.HasSetting(slot11_show_pictures) | Skin.HasSetting(slot12_show_pictures)</visible>
				</control>
				<control type="button" id="810">
					<label>$LOCALIZE[3]</label>
					<include>DefaultSettingButton</include>
					<visible>Skin.HasSetting(slot1_show_videos) | Skin.HasSetting(slot2_show_videos) | Skin.HasSetting(slot3_show_videos) | Skin.HasSetting(slot4_show_videos) | Skin.HasSetting(slot5_show_videos) | Skin.HasSetting(slot6_show_videos) | Skin.HasSetting(slot7_show_videos) | Skin.HasSetting(slot8_show_videos) | Skin.HasSetting(slot9_show_videos) | Skin.HasSetting(slot10_show_videos) | Skin.HasSetting(slot11_show_videos) | Skin.HasSetting(slot12_show_videos)</visible>
				</control>
				<control type="radiobutton" id="8100">
					<label>- $LOCALIZE[31148]</label>
					<include>DefaultSettingButton</include>
					<selected>!Skin.HasSetting(no_video_categories)</selected>
					<onclick>Skin.ToggleSetting(no_video_categories)</onclick>
					<visible>Skin.HasSetting(slot1_show_videos) | Skin.HasSetting(slot2_show_videos) | Skin.HasSetting(slot3_show_videos) | Skin.HasSetting(slot4_show_videos) | Skin.HasSetting(slot5_show_videos) | Skin.HasSetting(slot6_show_videos) | Skin.HasSetting(slot7_show_videos) | Skin.HasSetting(slot8_show_videos) | Skin.HasSetting(slot9_show_videos) | Skin.HasSetting(slot10_show_videos) | Skin.HasSetting(slot11_show_videos) | Skin.HasSetting(slot12_show_videos)</visible>
				</control>
				<control type="radiobutton" id="8101">
					<label>- $LOCALIZE[20094]</label>
					<include>DefaultSettingButton</include>
					<selected>!Skin.HasSetting(no_video_sources)</selected>
					<onclick>Skin.ToggleSetting(no_video_sources)</onclick>
					<visible>Skin.HasSetting(slot1_show_videos) | Skin.HasSetting(slot2_show_videos) | Skin.HasSetting(slot3_show_videos) | Skin.HasSetting(slot4_show_videos) | Skin.HasSetting(slot5_show_videos) | Skin.HasSetting(slot6_show_videos) | Skin.HasSetting(slot7_show_videos) | Skin.HasSetting(slot8_show_videos) | Skin.HasSetting(slot9_show_videos) | Skin.HasSetting(slot10_show_videos) | Skin.HasSetting(slot11_show_videos) | Skin.HasSetting(slot12_show_videos)</visible>
				</control>
				<control type="radiobutton" id="8103">
					<label>- $LOCALIZE[136]</label>
					<include>DefaultSettingButton</include>
					<selected>!Skin.HasSetting(no_video_playlists)</selected>
					<onclick>Skin.ToggleSetting(no_video_playlists)</onclick>
					<visible>Skin.HasSetting(slot1_show_videos) | Skin.HasSetting(slot2_show_videos) | Skin.HasSetting(slot3_show_videos) | Skin.HasSetting(slot4_show_videos) | Skin.HasSetting(slot5_show_videos) | Skin.HasSetting(slot6_show_videos) | Skin.HasSetting(slot7_show_videos) | Skin.HasSetting(slot8_show_videos) | Skin.HasSetting(slot9_show_videos) | Skin.HasSetting(slot10_show_videos) | Skin.HasSetting(slot11_show_videos) | Skin.HasSetting(slot12_show_videos)</visible>
				</control>
				<control type="radiobutton" id="8104">
					<label>- $LOCALIZE[1037]</label>
					<include>DefaultSettingButton</include>
					<selected>Skin.HasSetting(show_video_addons)</selected>
					<onclick>Skin.ToggleSetting(show_video_addons)</onclick>
					<visible>Skin.HasSetting(slot1_show_videos) | Skin.HasSetting(slot2_show_videos) | Skin.HasSetting(slot3_show_videos) | Skin.HasSetting(slot4_show_videos) | Skin.HasSetting(slot5_show_videos) | Skin.HasSetting(slot6_show_videos) | Skin.HasSetting(slot7_show_videos) | Skin.HasSetting(slot8_show_videos) | Skin.HasSetting(slot9_show_videos) | Skin.HasSetting(slot10_show_videos) | Skin.HasSetting(slot11_show_videos) | Skin.HasSetting(slot12_show_videos)</visible>
				</control>
			</control>
			<control type="grouplist" id="600">
				<top>133</top>
				<left>0</left>
				<right>0</right>
				<bottom>140</bottom>
				<onleft>9000</onleft>
				<onright>60</onright>
				<onup>600</onup>
				<ondown>600</ondown>
				<visible>Container(9000).HasFocus(5)</visible>
				<control type="radiobutton" id="605">
					<label>$LOCALIZE[31002]</label>
					<include>DefaultSettingButton</include>
					<onclick>Skin.ToggleSetting(no_fanart)</onclick>
					<selected>!Skin.HasSetting(no_fanart)</selected>
				</control>
				<control type="radiobutton" id="606">
					<label>$LOCALIZE[31511]</label>
					<include>DefaultSettingButton</include>
					<onclick>Skin.ToggleSetting(keep_artist_artwork_scale)</onclick>
					<selected>Skin.HasSetting(keep_artist_artwork_scale)</selected>
				</control>
				<control type="button" id="607">
					<label>$LOCALIZE[31505]</label>
					<include>DefaultSettingButton</include>
					<onclick>Skin.SelectBool(31505, 31512|bgd_show_100, 31521|bgd_show_90, 31520|bgd_show_80, 13278|bgd_show_default, 31519|bgd_show_70, 31518|bgd_show_60, 31517|bgd_show_50, 31516|bgd_show_40, 31515|bgd_show_30, 31514|bgd_show_20, 31513|bgd_show_10, 16018|bgd_show_0)</onclick>
					<label2>$VAR[BackgroundDiffusionPercentLabel2Var]</label2>
				</control>
				<control type="button" id="608">
					<label>$LOCALIZE[31156]</label>
					<label2>$VAR[BackgroundOverlayTypeVar]</label2>
					<include>DefaultSettingButton</include>
					<onclick condition="String.IsEqual(Skin.String(background_overlay),7)">Skin.SetString(background_overlay,0)</onclick>
					<onclick condition="String.IsEqual(Skin.String(background_overlay),6)">Skin.SetString(background_overlay,7)</onclick>
					<onclick condition="String.IsEqual(Skin.String(background_overlay),5)">Skin.SetString(background_overlay,6)</onclick>
					<onclick condition="String.IsEqual(Skin.String(background_overlay),4)">Skin.SetString(background_overlay,5)</onclick>
					<onclick condition="String.IsEqual(Skin.String(background_overlay),3)">Skin.SetString(background_overlay,4)</onclick>
					<onclick condition="String.IsEqual(Skin.String(background_overlay),2)">Skin.SetString(background_overlay,3)</onclick>
					<onclick condition="String.IsEqual(Skin.String(background_overlay),1)">Skin.SetString(background_overlay,2)</onclick>
					<onclick condition="String.IsEqual(Skin.String(background_overlay),0)">Skin.SetString(background_overlay,1)</onclick>
				</control>
				<control type="button" id="609">
					<label>$LOCALIZE[31131]</label>
					<label2>$INFO[Skin.String(HomeFanart.name)]</label2>
					<include>DefaultSettingButton</include>
					<onclick condition="System.AddonIsEnabled(script.image.resource.select)">RunScript(script.image.resource.select,property=HomeFanart&amp;type=resource.images.skinbackgrounds)</onclick>
					<onclick condition="System.HasAddon(script.image.resource.select) + !System.AddonIsEnabled(script.image.resource.select)">EnableAddon(script.image.resource.select)</onclick>
					<onclick condition="!System.HasAddon(script.image.resource.select)">InstallAddon(script.image.resource.select)</onclick>
					<enable>!Skin.HasSetting(no_fanart)</enable>
				</control>
				<control type="button" id="610">
					<label>$LOCALIZE[31062]</label>
					<label2>$INFO[Skin.String(WeatherFanart.name)]</label2>
					<include>DefaultSettingButton</include>
					<onclick condition="System.AddonIsEnabled(script.image.resource.select)">RunScript(script.image.resource.select,property=WeatherFanart&amp;type=resource.images.weatherfanart)</onclick>
					<onclick condition="System.HasAddon(script.image.resource.select) + !System.AddonIsEnabled(script.image.resource.select)">EnableAddon(script.image.resource.select)</onclick>
					<onclick condition="!System.HasAddon(script.image.resource.select)">InstallAddon(script.image.resource.select)</onclick>
					<enable>!Skin.HasSetting(no_fanart)</enable>
				</control>
				<control type="button" id="6066">
					<label>$LOCALIZE[31149]</label>
					<label2>$INFO[Skin.String(MovieGenreFanart.Name)]</label2>
					<include>DefaultSettingButton</include>
					<onclick condition="System.AddonIsEnabled(script.image.resource.select)">RunScript(script.image.resource.select,property=MovieGenreFanart&amp;type=resource.images.moviegenrefanart)</onclick>
					<onclick condition="System.HasAddon(script.image.resource.select) + !System.AddonIsEnabled(script.image.resource.select)">EnableAddon(script.image.resource.select)</onclick>
					<onclick condition="!System.HasAddon(script.image.resource.select)">InstallAddon(script.image.resource.select)</onclick>
				</control>
				<control type="radiobutton" id="6067">
					<label>$LOCALIZE[31168]</label>
					<include>DefaultSettingButton</include>
					<onclick>Skin.ToggleSetting(show_musicvideoposter)</onclick>
					<selected>Skin.HasSetting(show_musicvideoposter)</selected>
				</control>
			</control>
			<control type="image">
				<description>Dialog Header image</description>
				<left>0</left>
				<top>130</top>
				<right>0</right>
				<height>3</height>
				<texture colordiffuse="button_focus" border="2">dialogs/separator-grey.png</texture>
			</control>
			<control type="image">
				<description>Dialog Header image</description>
				<left>0</left>
				<bottom>134</bottom>
				<right>0</right>
				<height>3</height>
				<texture colordiffuse="button_focus" border="2">dialogs/separator-grey.png</texture>
			</control>
		</control>
		<control type="group">
			<depth>DepthContentPanel</depth>
			<left>0</left>
			<include>OpenClose_Left</include>
			<include content="ContentPanel">
				<param name="width" value="530" />
			</include>
			<control type="list" id="9000">
				<description>button area</description>
				<left>0</left>
				<top>130</top>
				<width>470</width>
				<height>700</height>
				<onleft>10000</onleft>
				<onright>10000</onright>
				<onup>9000</onup>
				<ondown>9000</ondown>
				<itemlayout height="85" width="470">
					<control type="label">
						<textoffsetx>30</textoffsetx>
						<width>470</width>
						<height>85</height>
						<label>$INFO[ListItem.Label]</label>
						<font>font37</font>
						<aligny>center</aligny>
					</control>
				</itemlayout>
				<focusedlayout height="85" width="470">
					<control type="image">
						<width>470</width>
						<height>85</height>
						<texture colordiffuse="button_focus">lists/focus.png</texture>
						<animation effect="fade" start="100" end="50" time="40" condition="!Control.HasFocus(9000)">Conditional</animation>
					</control>
					<control type="label">
						<textoffsetx>30</textoffsetx>
						<width>470</width>
						<height>85</height>
						<font>font37</font>
						<aligny>center</aligny>
						<label>$INFO[ListItem.Label]</label>
					</control>
				</focusedlayout>
				<content>
					<item id="1">
						<label>$LOCALIZE[128]</label>
						<onclick>noop</onclick>
					</item>
					<item id="2">
						<label>$LOCALIZE[31061]</label>
						<onclick>noop</onclick>
					</item>
					<item id="3">
						<label>$LOCALIZE[31503]</label>
						<onclick>noop</onclick>
					</item>
					<item id="4">
						<label>$LOCALIZE[31148]</label>
						<onclick>noop</onclick>
					</item>
					<item id="5">
						<label>$LOCALIZE[31159]</label>
						<onclick>noop</onclick>
					</item>
				</content>
			</control>
		</control>
		<control type="group">
			<right>0</right>
			<top>133</top>
			<bottom>137</bottom>
			<width>60</width>
			<control type="scrollbar" id="60">
				<right>0</right>
				<top>0</top>
				<bottom>0</bottom>
				<width>12</width>
				<orientation>vertical</orientation>
				<texturesliderbackground />
				<animation effect="slide" end="6,0" time="300" tween="sine" easing="inout" condition="!Control.HasFocus(60)">conditional</animation>
				<onleft>10000</onleft>
				<onright>10000</onright>
				<animation effect="fade" start="0" end="100" time="200" delay="300">Visible</animation>
				<animation effect="fade" start="100" end="0" time="200">Hidden</animation>
				<animation effect="fade" start="0" end="100" delay="300" time="320">WindowOpen</animation>
				<animation effect="fade" start="100" end="0" time="150">WindowClose</animation>
				<hitrect x="0" y="0" w="60" h="100%" />
				<visible>Control.IsVisible(610)</visible>
			</control>
		</control>
		<include content="TopBar">
			<param name="breadcrumbs_label" value="$LOCALIZE[5] / $LOCALIZE[20077]" />
		</include>
		<include>BottomBar</include>
		<control type="textbox" id="6">
			<include>OpenClose_Right</include>
			<description>description area</description>
			<left>510</left>
			<bottom>27</bottom>
			<width>1350</width>
			<height>100</height>
			<font>font12</font>
			<align>justify</align>
			<textcolor>button_focus</textcolor>
			<label>$VAR[ModSkinSettingsHelpTextVar]</label>
			<autoscroll time="3000" delay="5000" repeat="5000">true</autoscroll>
		</control>
	</controls>
</window>
