<?xml version="1.0" encoding="UTF-8"?>
<addon id="skin.estuary.krypton.pkscout.mod" version="1.1.8" name="Estuary Mod (pkscout)" provider-name="pkscout, phil65, Ichabod Fletchman">
	<requires>
		<import addon="xbmc.gui" version="5.12.0"/>
		<import addon="script.artistslideshow" version="2.0.0"/>
	</requires>
	<extension point="xbmc.gui.skin" debugging="false">
		<res width="1920" height="1440" aspect="4:3" default="false" folder="xml" />
		<res width="1920" height="1280" aspect="3:2" default="false" folder="xml" />
		<res width="1920" height="1200" aspect="16:10" default="false" folder="xml" />
		<res width="1920" height="1080" aspect="16:9" default="true" folder="xml" />
		<res width="2560" height="1080" aspect="21:9" default="false" folder="xml" />
	</extension>
	<extension point="xbmc.addon.metadata">
		<news>
1.1.8
- updated language files from Estuary in Kodi 17.3
		</news>
		<summary lang="en_US">pkscout's Mod of Estuary skin by phil65 and Piers. (Kodi's default skin)</summary>
		<description lang="en_US">Mod of the Estuary skin to support Artist Slideshow and some customization of the home screen.</description>
		<disclaimer lang="en_US">Limited support provided for this mod.</disclaimer>
		<platform>all</platform>
		<license>CC BY-SA 4.0, GNU GENERAL PUBLIC LICENSE Version 2.0</license>
		<forum>http://forum.kodi.tv/showthread.php?tid=303946</forum>
		<source>https://github.com/pkscout/skin.estuary.krypton.pkscout.mod</source>
		<assets>
			<icon>resources/icon.png</icon>
			<screenshot>resources/screenshot-20170506-01.png</screenshot>
			<screenshot>resources/screenshot-20170506-02.png</screenshot>
			<screenshot>resources/screenshot-20170506-03.png</screenshot>
			<screenshot>resources/screenshot-20170506-04.png</screenshot>
			<screenshot>resources/screenshot-20170506-05.png</screenshot>
		</assets>
	</extension>
</addon>

