<?xml version="1.0" encoding="UTF-8"?>
<window>
	<defaultcontrol always="true">10</defaultcontrol>
	<coordinates>
		<left>335</left>
		<top>230</top>
	</coordinates>
	<include>dialogeffect</include>
	<depth>DepthDialog+</depth>
	<controls>
		<include name="DialogBackgroundCommons">
			<param name="DialogBackgroundWidth" value="610" />
			<param name="DialogBackgroundHeight" value="240" />
			<param name="DialogHeaderWidth" value="530" />
			<param name="DialogHeaderLabel" value="$LOCALIZE[13406]" />
			<param name="DialogHeaderId" value="1" />
			<param name="CloseButtonLeft" value="520" />
			<param name="CloseButtonNav" value="10" />
		</include>
		<control type="textbox" id="9">
			<description>text</description>
			<left>30</left>
			<top>62</top>
			<width>550</width>
			<height>98</height>
			<align>left</align>
			<label>-</label>
			<font>font13</font>
			<autoscroll time="3000" delay="4000" repeat="5000">true</autoscroll>
		</control>
		<control type="button" id="11">
			<description>Yes button</description>
			<onclick condition="StringCompare(Control.GetLabel(1),$LOCALIZE[20362])|StringCompare(Control.GetLabel(1),$LOCALIZE[20363])">ClearProperty(recommendedepisodes-data,10000)</onclick>
			<onclick condition="StringCompare(Control.GetLabel(1),$LOCALIZE[20362])|StringCompare(Control.GetLabel(1),$LOCALIZE[20363])">ClearProperty(randomepisodes-data,10000)</onclick>
			<onclick condition="StringCompare(Control.GetLabel(1),$LOCALIZE[20362])|StringCompare(Control.GetLabel(1),$LOCALIZE[20363])">ClearProperty(recentepisodes-data,10000)</onclick>
			<onclick condition="StringCompare(Control.GetLabel(1),$LOCALIZE[20362])|StringCompare(Control.GetLabel(1),$LOCALIZE[20363])">ClearProperty(recommendedepisodes,10000)</onclick>
			<onclick condition="StringCompare(Control.GetLabel(1),$LOCALIZE[20362])|StringCompare(Control.GetLabel(1),$LOCALIZE[20363])">ClearProperty(randomepisodes,10000)</onclick>
			<onclick condition="StringCompare(Control.GetLabel(1),$LOCALIZE[20362])|StringCompare(Control.GetLabel(1),$LOCALIZE[20363])">ClearProperty(recentepisodes,10000)</onclick>
			<onclick condition="StringCompare(Control.GetLabel(1),$LOCALIZE[432])">ClearProperty(recommendedmovies-data,10000)</onclick>
			<onclick condition="StringCompare(Control.GetLabel(1),$LOCALIZE[432])">ClearProperty(randommovies-data,10000)</onclick>
			<onclick condition="StringCompare(Control.GetLabel(1),$LOCALIZE[432])">ClearProperty(recentmovies-data,10000)</onclick>
			<onclick condition="StringCompare(Control.GetLabel(1),$LOCALIZE[432])">ClearProperty(recommendedmovies,10000)</onclick>
			<onclick condition="StringCompare(Control.GetLabel(1),$LOCALIZE[432])">ClearProperty(randommovies,10000)</onclick>
			<onclick condition="StringCompare(Control.GetLabel(1),$LOCALIZE[432])">ClearProperty(recentmovies,10000)</onclick>
			<left>95</left>
			<top>175</top>
			<width>200</width>
			<height>40</height>
			<label>107</label>
			<font>font12_title</font>
			<textcolor>white</textcolor>
			<focusedcolor>white</focusedcolor>
			<align>center</align>
			<onleft>10</onleft>
			<onright>10</onright>
			<onup>11</onup>
			<ondown>11</ondown>
		</control>
		<control type="button" id="10">
			<description>No button</description>
			<left>305</left>
			<top>175</top>
			<width>200</width>
			<height>40</height>
			<label>106</label>
			<font>font12_title</font>
			<textcolor>white</textcolor>
			<focusedcolor>white</focusedcolor>
			<align>center</align>
			<onleft>11</onleft>
			<onright>11</onright>
			<onup>10</onup>
			<ondown>10</ondown>
		</control>
	</controls>
</window>
