﻿<?xml version="1.0" encoding="UTF-8" standalone="yes"?>
<addon id="repository.skins.pkscout" name="pkscout's Skin Modifications" version="2.0.0" provider-name="pkscout">
	<requires>
		<import addon="xbmc.addon" version="14.0.0"/>
	</requires>
	<extension point="xbmc.addon.repository" name="Skin modifications by pkscout">
		<info compressed="true">http://raw.github.com/pkscout/repository.skins.pkscout/helix/addons.xml</info>
		<checksum>http://raw.github.com/pkscout/repository.skins.pkscout/helix/addons.xml.md5</checksum>
		<datadir zip="true">http://raw.github.com/pkscout/repository.skins.pkscout/helix/download</datadir>
		<hashes>false</hashes>
	</extension>
	<extension point="xbmc.addon.metadata">
		<summary lang="en">Install skin modifications by pkscout</summary>
		<description lang="en">Download and install skin modifications from pkscout.</description>
		<disclaimer lang="en">These skin mods are only lightly supported.</disclaimer>
		<platform>all</platform>
		<nofanart>true</nofanart>
	</extension>
</addon>