<?xml version="1.0" encoding="utf-8"?>
<includes>
	<include name="ChannelManagerList">
		<control type="grouplist">
			<orientation>horizontal</orientation>
			<left>0</left>
			<align>center</align>
			<width>510</width>
			<control type="label" id="$PARAM[header_id]">
				<width>auto</width>
				<height>70</height>
				<align>center</align>
				<aligny>center</aligny>
				<textcolor>button_focus</textcolor>
			</control>
			<control type="label">
				<width>auto</width>
				<height>70</height>
				<align>center</align>
				<aligny>center</aligny>
				<textcolor>button_focus</textcolor>
				<label>: [COLOR white]$INFO[Container($PARAM[list_id]).Numitems][/COLOR]</label>
			</control>
		</control>
		<control type="image">
			<left>0</left>
			<top>55</top>
			<width>510</width>
			<height>740</height>
			<texture border="40">buttons/dialogbutton-nofo.png</texture>
		</control>
		<control type="list" id="$PARAM[list_id]">
			<left>20</left>
			<top>75</top>
			<width>470</width>
			<height>700</height>
			<onup>$PARAM[list_id]</onup>
			<ondown>$PARAM[list_id]</ondown>
			<onleft>$PARAM[onleft]</onleft>
			<onright>$PARAM[scrollbar_id]</onright>
			<pagecontrol>$PARAM[scrollbar_id]</pagecontrol>
			<scrolltime>200</scrolltime>
			<itemlayout height="70" width="470">
				<control type="image">
					<width>60</width>
					<height>60</height>
					<right>5</right>
					<top>5</top>
					<texture>$INFO[ListItem.ActualIcon]</texture>
					<bordertexture colordiffuse="border_alpha">colors/black.png</bordertexture>
					<bordersize>2</bordersize>
					<aspectratio>keep</aspectratio>
				</control>
				<control type="label">
					<left>20</left>
					<right>70</right>
					<height>70</height>
					<aligny>center</aligny>
					<font>font27</font>
					<textcolor>grey</textcolor>
					<label>$INFO[ListItem.ChannelNumberLabel,[B],[/B] - ]$INFO[ListItem.ChannelName]</label>
				</control>
			</itemlayout>
			<focusedlayout height="70" width="470">
				<control type="image">
					<left>0</left>
					<right>0</right>
					<bottom>0</bottom>
					<texture colordiffuse="button_focus">lists/focus.png</texture>
					<visible>Control.HasFocus($PARAM[list_id])</visible>
				</control>
				<control type="image">
					<width>60</width>
					<height>60</height>
					<right>5</right>
					<top>5</top>
					<texture>$INFO[ListItem.ActualIcon]</texture>
					<bordertexture colordiffuse="border_alpha">colors/black.png</bordertexture>
					<bordersize>2</bordersize>
					<aspectratio>keep</aspectratio>
				</control>
				<control type="label">
					<left>20</left>
					<right>70</right>
					<height>70</height>
					<font>font27</font>
					<aligny>center</aligny>
					<label>$INFO[ListItem.ChannelNumberLabel,[B],[/B] - ]$INFO[ListItem.ChannelName]</label>
				</control>
			</focusedlayout>
		</control>
		<control type="scrollbar" id="$PARAM[scrollbar_id]">
			<left>495</left>
			<top>75</top>
			<width>12</width>
			<height>700</height>
			<onleft>$PARAM[list_id]</onleft>
			<onright>$PARAM[onright]</onright>
			<ondown>$PARAM[scrollbar_id]</ondown>
			<onup>$PARAM[scrollbar_id]</onup>
			<orientation>vertical</orientation>
		</control>
	</include>
	<include name="PVRInfoPanel">
	    <!-- BEGIN KEJ MOD -->
		<control type="group">
			<visible>!Skin.HasSetting(use_alt_timer_layout)</visible>
			<control type="image">
				<left>520</left>
				<top>120</top>
				<width>270</width>
				<height>220</height>
				<aspectratio align="right">keep</aspectratio>
				<texture fallback="DefaultTVShows.png">$INFO[Listitem.Icon]</texture>
				<fadetime>200</fadetime>
			</control>
			<control type="label">
				<top>120</top>
				<width>540</width>
				<height>262</height>
				<font>font45</font>
				<label>$INFO[ListItem.ChannelName]</label>
			</control>
			<control type="label">
				<top>240</top>
				<width>540</width>
				<height>262</height>
				<textcolor>grey</textcolor>
				<font>font36_title</font>
				<label>$INFO[ListItem.Label]</label>
			</control>
			<control type="textbox">
				<top>380</top>
				<width>820</width>
				<bottom>75</bottom>
				<label>[B]$INFO[ListItem.EpisodeName,,[CR]][/B]$INFO[ListItem.Plot]</label>
			</control>
		</control>
		<control type="group">
		<visible>Skin.HasSetting(use_alt_timer_layout)</visible>
			<control type="group">
				<visible>System.HasAddon(script.skin.helper.service)</visible>
				<left>-25</left>
				<control type="image">
					<top>165</top>
					<width>250</width>
					<height>368</height>
					<aspectratio align="right">keep</aspectratio>
					<texture fallback="DefaultVideo.png">$INFO[Window(Home).Property(SkinHelper.ListItem.Art.Poster)]</texture>
					<fadetime>200</fadetime>
				</control>
				<control type="image">
					<bottom>60</bottom>
					<left>50</left>
					<width>200</width>
					<height>200</height>
					<aspectratio align="bottom">keep</aspectratio>
					<texture fallback="DefaultTVShows.png">$INFO[Listitem.Icon]</texture>
					<fadetime>200</fadetime>
				</control>
				<control type="label">
					<top>110</top>
					<width>825</width>
					<height>100</height>
					<font>font36_title</font>
					<label>$INFO[ListItem.Label]$INFO[ListItem.ChannelName, - ,]</label>
					<visible>ListItem.HasTimerSchedule</visible>
				</control>
				<control type="label">
					<top>110</top>
					<left>-8</left>
					<width>837</width>
					<height>100</height>
					<font>font36_title</font>
					<label>$INFO[ListItem.Label]$INFO[ListItem.ChannelName, - ,]</label>
					<visible>!ListItem.HasTimerSchedule</visible>
				</control>
				<control type="textbox">
					<top>165</top>
					<left>260</left>
					<width>565</width>
					<bottom>75</bottom>
					<label>[B]$INFO[ListItem.EpisodeName,,[CR]][/B]$INFO[ListItem.Plot]</label>
					<autoscroll delay="4000" time="1500" repeat="10000">true</autoscroll>
					<visible>Window.Is(tvtimers) | ListItem.HasTimerSchedule</visible>
				</control>
				<control type="textbox">
					<top>165</top>
					<left>260</left>
					<width>565</width>
					<bottom>75</bottom>
					<label>$INFO[Window(Home).Property(SkinHelper.ListItem.ExternalPlot)]</label>
					<autoscroll delay="4000" time="1500" repeat="10000">true</autoscroll>
					<visible>Window.Is(tvtimerrules) + !ListItem.HasTimerSchedule</visible>
				</control>
			</control>
			<control type="group">
				<visible>!System.HasAddon(script.skin.helper.service)</visible>
				<control type="label">
					<top>175</top>
					<width>540</width>
					<height>100</height>
					<font>font45</font>
					<label>$INFO[ListItem.Label]</label>
					<visible>ListItem.HasTimerSchedule</visible>
				</control>
				<control type="label">
					<top>175</top>
					<left>-12</left>
					<width>540</width>
					<height>100</height>
					<font>font45</font>
					<label>$INFO[ListItem.Label]</label>
					<visible>!ListItem.HasTimerSchedule</visible>
				</control>
				<control type="label">
					<top>230</top>
					<width>540</width>
					<height>100</height>
					<textcolor>grey</textcolor>
					<font>font36_title</font>
					<label>$INFO[ListItem.ChannelName]</label>
				</control>
				<control type="image">
					<left>520</left>
					<top>120</top>
					<width>270</width>
					<height>220</height>
					<aspectratio align="right">keep</aspectratio>
					<texture fallback="DefaultTVShows.png">$INFO[Listitem.Icon]</texture>
					<fadetime>200</fadetime>
				</control>
				<control type="textbox">
					<top>380</top>
					<width>800</width>
					<bottom>75</bottom>
					<label>[B]$INFO[ListItem.EpisodeName,,[CR]][/B]$INFO[ListItem.Plot]</label>
					<autoscroll delay="4000" time="1500" repeat="10000">true</autoscroll>
					<visible>ListItem.HasTimerSchedule</visible>
				</control>
			</control>
		</control>		
		<control type="textbox">
			<top>550</top>
			<width>790</width>
			<height>362</height>
			<align>center</align>
			<font>font27</font>
			<textcolor>80FFFFFF</textcolor>
			<label>$LOCALIZE[19055]</label>
			<visible>String.IsEmpty(Listitem.Plot) + String.IsEmpty(Window(Home).Property(SkinHelper.ListItem.Art.Poster))</visible>
		</control>
		<!-- END KEJ MOD -->
	</include>
	<!--KEJ MOD -->
	<include name="NormalPVRGuide">
 		<rulerlayout height="45" width="1400">
			<control type="label">
				<width>365</width>
				<height>45</height>
				<font>font12</font>
				<label>$INFO[ListItem.Label]</label>
				<textoffsetx>10</textoffsetx>
				<textcolor>button_focus</textcolor>
			</control>
		</rulerlayout>
		<channellayout height="62" width="350">
			<control type="label">
				<left>2</left>
				<top>-2</top>
				<width>75</width>
				<height>60</height>
				<font>font32_title</font>
				<label>$INFO[ListItem.ChannelNumberLabel]</label>
				<align>center</align>
				<aligny>center</aligny>
				<visible>!Skin.HasSetting(four_digit_channel_fix)</visible>
			</control>
			<control type="label" id="1">
				<left>68</left>
				<top>-2</top>
				<width>350</width>
				<height>60</height>
				<font>font12</font>
				<label>$INFO[ListItem.ChannelName]</label>
				<aligny>center</aligny>
				<textoffsetx>10</textoffsetx>
				<visible>!Skin.HasSetting(four_digit_channel_fix)</visible>
			</control>
			<control type="label">
				<left>5</left>
				<top>-2</top>
				<width>75</width>
				<height>60</height>
				<font>font32_title</font>
				<label>$INFO[ListItem.ChannelNumberLabel]</label>
				<aligny>center</aligny>
				<visible>Skin.HasSetting(four_digit_channel_fix)</visible>
			</control>
			<control type="label" id="1">
				<left>80</left>
				<top>-2</top>
				<width>270</width>
				<height>60</height>
				<font>font12</font>
				<label>$INFO[ListItem.ChannelName]</label>
				<aligny>center</aligny>
				<textoffsetx>10</textoffsetx>
				<visible>Skin.HasSetting(four_digit_channel_fix)</visible>
			</control>
		</channellayout>
		<focusedchannellayout height="62" width="350">
			<control type="label">
				<left>2</left>
				<top>-2</top>
				<width>75</width>
				<height>60</height>
				<font>font32_title</font>
				<textcolor>button_focus</textcolor>
				<label>$INFO[ListItem.ChannelNumberLabel]</label>
				<align>center</align>
				<aligny>center</aligny>
				<visible>!Skin.HasSetting(four_digit_channel_fix)</visible>
			</control>
			<control type="label" id="1">
				<left>68</left>
				<top>-2</top>
				<width>350</width>
				<height>60</height>
				<font>font12</font>
				<textcolor>button_focus</textcolor>
				<label>$INFO[ListItem.ChannelName]</label>
				<aligny>center</aligny>
				<textoffsetx>10</textoffsetx>
				<visible>!Skin.HasSetting(four_digit_channel_fix)</visible>
			</control>
			<control type="label">
				<left>5</left>
				<top>-2</top>
				<width>75</width>
				<height>60</height>
				<font>font32_title</font>
				<textcolor>button_focus</textcolor>
				<label>$INFO[ListItem.ChannelNumberLabel]</label>
				<aligny>center</aligny>
				<visible>Skin.HasSetting(four_digit_channel_fix)</visible>
			</control>
			<control type="label" id="1">
				<left>80</left>
				<top>-2</top>
				<width>270</width>
				<height>60</height>
				<font>font12</font>
				<textcolor>button_focus</textcolor>
				<label>$INFO[ListItem.ChannelName]</label>
				<aligny>center</aligny>
				<textoffsetx>10</textoffsetx>
				<visible>Skin.HasSetting(four_digit_channel_fix)</visible>
			</control>
		</focusedchannellayout>
	</include>
	<include name="NarrowPVRGuide">
 		<rulerlayout height="45" width="1400">
 			<control type="label">
				<width>500</width>
				<height>45</height>
				<top>-9</top>
				<font>font12</font>
				<label>$INFO[ListItem.Label]</label>
				<textoffsetx>10</textoffsetx>
				<textcolor>button_focus</textcolor>
				<visible>!String.Contains(ListItem.Label,:)</visible>
			</control>
 			<control type="label">
				<width>365</width>
				<height>45</height>
				<top>15</top>
				<font>font12</font>
				<label>$INFO[ListItem.Label]</label>
				<textoffsetx>10</textoffsetx>
				<textcolor>button_focus</textcolor>
				<visible>String.Contains(ListItem.Label,:)</visible>
			</control>
		</rulerlayout>
		<channellayout height="62" width="250">
			<control type="label">
				<left>2</left>
				<top>-2</top>
				<width>75</width>
				<height>60</height>
				<font>font32_title</font>
				<label>$INFO[ListItem.ChannelNumberLabel]</label>
				<align>center</align>
				<aligny>center</aligny>
				<visible>!Skin.HasSetting(four_digit_channel_fix)</visible>
			</control>
			<control type="label" id="1">
				<left>68</left>
				<top>-2</top>
				<width>250</width>
				<height>60</height>
				<font>font12</font>
				<label>$INFO[ListItem.ChannelName]</label>
				<aligny>center</aligny>
				<textoffsetx>10</textoffsetx>
				<visible>!Skin.HasSetting(four_digit_channel_fix)</visible>
			</control>
			<control type="label">
				<left>5</left>
				<top>-2</top>
				<width>75</width>
				<height>60</height>
				<font>font32_title</font>
				<label>$INFO[ListItem.ChannelNumberLabel]</label>
				<aligny>center</aligny>
				<visible>Skin.HasSetting(four_digit_channel_fix)</visible>
			</control>
			<control type="label" id="1">
				<left>80</left>
				<top>-2</top>
				<width>170</width>
				<height>60</height>
				<font>font12</font>
				<label>$INFO[ListItem.ChannelName]</label>
				<aligny>center</aligny>
				<textoffsetx>10</textoffsetx>
				<visible>Skin.HasSetting(four_digit_channel_fix)</visible>
			</control>
		</channellayout>
		<focusedchannellayout height="62" width="250">
			<control type="label">
				<left>2</left>
				<top>-2</top>
				<width>75</width>
				<height>60</height>
				<font>font32_title</font>
				<textcolor>button_focus</textcolor>
				<label>$INFO[ListItem.ChannelNumberLabel]</label>
				<align>center</align>
				<aligny>center</aligny>
				<visible>!Skin.HasSetting(four_digit_channel_fix)</visible>
			</control>
			<control type="label" id="1">
				<left>68</left>
				<top>-2</top>
				<width>250</width>
				<height>60</height>
				<font>font12</font>
				<textcolor>button_focus</textcolor>
				<label>$INFO[ListItem.ChannelName]</label>
				<aligny>center</aligny>
				<textoffsetx>10</textoffsetx>
				<visible>!Skin.HasSetting(four_digit_channel_fix)</visible>
			</control>
			<control type="label">
				<left>5</left>
				<top>-2</top>
				<width>75</width>
				<height>60</height>
				<font>font32_title</font>
				<textcolor>button_focus</textcolor>
				<label>$INFO[ListItem.ChannelNumberLabel]</label>
				<aligny>center</aligny>
				<visible>Skin.HasSetting(four_digit_channel_fix)</visible>
			</control>
			<control type="label" id="1">
				<left>80</left>
				<top>-2</top>
				<width>170</width>
				<height>60</height>
				<font>font12</font>
				<textcolor>button_focus</textcolor>
				<label>$INFO[ListItem.ChannelName]</label>
				<aligny>center</aligny>
				<textoffsetx>10</textoffsetx>
				<visible>Skin.HasSetting(four_digit_channel_fix)</visible>
			</control>
		</focusedchannellayout>
	</include>
	<!-- END KEJ MOD -->	
</includes>
