<includes>
    <include name="DefaultRecentlyAddedAlbums">
					<content>
						<item>
							<label>$INFO[Window.Property(LatestAlbum.1.Title)]</label>
							<label2>$INFO[Window.Property(LatestAlbum.1.Artist)]</label2>
							<onclick>PlayList.Clear</onclick>
							<onclick>PlayMedia(&quot;$INFO[Window.Property(LatestAlbum.1.Path)]&quot;)</onclick>
							<icon>-</icon>
							<thumb>$INFO[Window.Property(LatestAlbum.1.Thumb)]</thumb>
							<visible>!IsEmpty(Window.Property(LatestAlbum.1.Title))</visible>
						</item>
						<item>
							<label>$INFO[Window.Property(LatestAlbum.2.Title)]</label>
							<label2>$INFO[Window.Property(LatestAlbum.2.Artist)]</label2>
							<onclick>PlayList.Clear</onclick>
							<onclick>PlayMedia(&quot;$INFO[Window.Property(LatestAlbum.2.Path)]&quot;)</onclick>
							<icon>-</icon>
							<thumb>$INFO[Window.Property(LatestAlbum.2.Thumb)]</thumb>
							<visible>!IsEmpty(Window.Property(LatestAlbum.2.Title))</visible>
						</item>
						<item>
							<label>$INFO[Window.Property(LatestAlbum.3.Title)]</label>
							<label2>$INFO[Window.Property(LatestAlbum.3.Artist)]</label2>
							<onclick>PlayList.Clear</onclick>
							<onclick>PlayMedia(&quot;$INFO[Window.Property(LatestAlbum.3.Path)]&quot;)</onclick>
							<icon>-</icon>
							<thumb>$INFO[Window.Property(LatestAlbum.3.Thumb)]</thumb>
							<visible>!IsEmpty(Window.Property(LatestAlbum.3.Title))</visible>
						</item>
						<item>
							<label>$INFO[Window.Property(LatestAlbum.4.Title)]</label>
							<label2>$INFO[Window.Property(LatestAlbum.4.Artist)]</label2>
							<onclick>PlayList.Clear</onclick>
							<onclick>PlayMedia(&quot;$INFO[Window.Property(LatestAlbum.4.Path)]&quot;)</onclick>
							<icon>-</icon>
							<thumb>$INFO[Window.Property(LatestAlbum.4.Thumb)]</thumb>
							<visible>!IsEmpty(Window.Property(LatestAlbum.4.Title))</visible>
						</item>
						<item>
							<label>$INFO[Window.Property(LatestAlbum.5.Title)]</label>
							<label2>$INFO[Window.Property(LatestAlbum.5.Artist)]</label2>
							<onclick>PlayList.Clear</onclick>
							<onclick>PlayMedia(&quot;$INFO[Window.Property(LatestAlbum.5.Path)]&quot;)</onclick>
							<icon>-</icon>
							<thumb>$INFO[Window.Property(LatestAlbum.5.Thumb)]</thumb>
							<visible>!IsEmpty(Window.Property(LatestAlbum.5.Title))</visible>
						</item>
						<item>
							<label>$INFO[Window.Property(LatestAlbum.6.Title)]</label>
							<label2>$INFO[Window.Property(LatestAlbum.6.Artist)]</label2>
							<onclick>PlayList.Clear</onclick>
							<onclick>PlayMedia(&quot;$INFO[Window.Property(LatestAlbum.6.Path)]&quot;)</onclick>
							<icon>-</icon>
							<thumb>$INFO[Window.Property(LatestAlbum.6.Thumb)]</thumb>
							<visible>!IsEmpty(Window.Property(LatestAlbum.6.Title))</visible>
						</item>
						<item>
							<label>$INFO[Window.Property(LatestAlbum.7.Title)]</label>
							<label2>$INFO[Window.Property(LatestAlbum.7.Artist)]</label2>
							<onclick>PlayList.Clear</onclick>
							<onclick>PlayMedia(&quot;$INFO[Window.Property(LatestAlbum.7.Path)]&quot;)</onclick>
							<icon>-</icon>
							<thumb>$INFO[Window.Property(LatestAlbum.7.Thumb)]</thumb>
							<visible>!IsEmpty(Window.Property(LatestAlbum.7.Title))</visible>
						</item>
						<item>
							<label>$INFO[Window.Property(LatestAlbum.8.Title)]</label>
							<label2>$INFO[Window.Property(LatestAlbum.8.Artist)]</label2>
							<onclick>PlayList.Clear</onclick>
							<onclick>PlayMedia(&quot;$INFO[Window.Property(LatestAlbum.8.Path)]&quot;)</onclick>
							<icon>-</icon>
							<thumb>$INFO[Window.Property(LatestAlbum.8.Thumb)]</thumb>
							<visible>!IsEmpty(Window.Property(LatestAlbum.8.Title))</visible>
						</item>
						<item>
							<label>$INFO[Window.Property(LatestAlbum.9.Title)]</label>
							<label2>$INFO[Window.Property(LatestAlbum.9.Artist)]</label2>
							<onclick>PlayList.Clear</onclick>
							<onclick>PlayMedia(&quot;$INFO[Window.Property(LatestAlbum.9.Path)]&quot;)</onclick>
							<icon>-</icon>
							<thumb>$INFO[Window.Property(LatestAlbum.9.Thumb)]</thumb>
							<visible>!IsEmpty(Window.Property(LatestAlbum.9.Title))</visible>
						</item>
						<item>
							<label>$INFO[Window.Property(LatestAlbum.10.Title)]</label>
							<label2>$INFO[Window.Property(LatestAlbum.10.Artist)]</label2>
							<onclick>PlayList.Clear</onclick>
							<onclick>PlayMedia(&quot;$INFO[Window.Property(LatestAlbum.10.Path)]&quot;)</onclick>
							<icon>-</icon>
							<thumb>$INFO[Window.Property(LatestAlbum.10.Thumb)]</thumb>
							<visible>!IsEmpty(Window.Property(LatestAlbum.10.Title))</visible>
						</item>
					</content>
    </include>
    <include name="SkinWidgetsRecentlyAddedAlbums">
					<content>
						<item>
							<label>$INFO[Window.Property(RecentAlbum.1.Title)]</label>
							<label2>$INFO[Window.Property(RecentAlbum.1.Artist)]</label2>
							<onclick>PlayList.Clear</onclick>
							<onclick>$INFO[Window.Property(RecentAlbum.1.Play)]</onclick>
							<icon>-</icon>
							<thumb>$INFO[Window.Property(RecentAlbum.1.Thumb)]</thumb>
							<visible>!IsEmpty(Window.Property(RecentAlbum.1.Title))</visible>
						</item>
						<item>
							<label>$INFO[Window.Property(RecentAlbum.2.Title)]</label>
							<label2>$INFO[Window.Property(RecentAlbum.2.Artist)]</label2>
							<onclick>PlayList.Clear</onclick>
							<onclick>$INFO[Window.Property(RecentAlbum.2.Play)]</onclick>
							<icon>-</icon>
							<thumb>$INFO[Window.Property(RecentAlbum.2.Thumb)]</thumb>
							<visible>!IsEmpty(Window.Property(RecentAlbum.2.Title))</visible>
						</item>
						<item>
							<label>$INFO[Window.Property(RecentAlbum.3.Title)]</label>
							<label2>$INFO[Window.Property(RecentAlbum.3.Artist)]</label2>
							<onclick>PlayList.Clear</onclick>
							<onclick>$INFO[Window.Property(RecentAlbum.3.Play)]</onclick>
							<icon>-</icon>
							<thumb>$INFO[Window.Property(RecentAlbum.3.Thumb)]</thumb>
							<visible>!IsEmpty(Window.Property(RecentAlbum.3.Title))</visible>
						</item>
						<item>
							<label>$INFO[Window.Property(RecentAlbum.4.Title)]</label>
							<label2>$INFO[Window.Property(RecentAlbum.4.Artist)]</label2>
							<onclick>PlayList.Clear</onclick>
							<onclick>$INFO[Window.Property(RecentAlbum.4.Play)]</onclick>
							<icon>-</icon>
							<thumb>$INFO[Window.Property(RecentAlbum.4.Thumb)]</thumb>
							<visible>!IsEmpty(Window.Property(RecentAlbum.4.Title))</visible>
						</item>
						<item>
							<label>$INFO[Window.Property(RecentAlbum.5.Title)]</label>
							<label2>$INFO[Window.Property(RecentAlbum.5.Artist)]</label2>
							<onclick>PlayList.Clear</onclick>
							<onclick>$INFO[Window.Property(RecentAlbum.5.Play)]</onclick>
							<icon>-</icon>
							<thumb>$INFO[Window.Property(RecentAlbum.5.Thumb)]</thumb>
							<visible>!IsEmpty(Window.Property(RecentAlbum.5.Title))</visible>
						</item>
						<item>
							<label>$INFO[Window.Property(RecentAlbum.6.Title)]</label>
							<label2>$INFO[Window.Property(RecentAlbum.6.Artist)]</label2>
							<onclick>PlayList.Clear</onclick>
							<onclick>$INFO[Window.Property(RecentAlbum.6.Play)]</onclick>
							<icon>-</icon>
							<thumb>$INFO[Window.Property(RecentAlbum.6.Thumb)]</thumb>
							<visible>!IsEmpty(Window.Property(RecentAlbum.6.Title))</visible>
						</item>
						<item>
							<label>$INFO[Window.Property(RecentAlbum.7.Title)]</label>
							<label2>$INFO[Window.Property(RecentAlbum.7.Artist)]</label2>
							<onclick>PlayList.Clear</onclick>
							<onclick>$INFO[Window.Property(RecentAlbum.7.Play)]</onclick>
							<icon>-</icon>
							<thumb>$INFO[Window.Property(RecentAlbum.7.Thumb)]</thumb>
							<visible>!IsEmpty(Window.Property(RecentAlbum.7.Title))</visible>
						</item>
						<item>
							<label>$INFO[Window.Property(RecentAlbum.8.Title)]</label>
							<label2>$INFO[Window.Property(RecentAlbum.8.Artist)]</label2>
							<onclick>PlayList.Clear</onclick>
							<onclick>$INFO[Window.Property(RecentAlbum.8.Play)]</onclick>
							<icon>-</icon>
							<thumb>$INFO[Window.Property(RecentAlbum.8.Thumb)]</thumb>
							<visible>!IsEmpty(Window.Property(RecentAlbum.8.Title))</visible>
						</item>
						<item>
							<label>$INFO[Window.Property(RecentAlbum.9.Title)]</label>
							<label2>$INFO[Window.Property(RecentAlbum.9.Artist)]</label2>
							<onclick>PlayList.Clear</onclick>
							<onclick>$INFO[Window.Property(RecentAlbum.9.Play)]</onclick>
							<icon>-</icon>
							<thumb>$INFO[Window.Property(RecentAlbum.9.Thumb)]</thumb>
							<visible>!IsEmpty(Window.Property(RecentAlbum.9.Title))</visible>
						</item>
						<item>
							<label>$INFO[Window.Property(RecentAlbum.10.Title)]</label>
							<label2>$INFO[Window.Property(RecentAlbum.10.Artist)]</label2>
							<onclick>PlayList.Clear</onclick>
							<onclick>$INFO[Window.Property(RecentAlbum.10.Play)]</onclick>
							<icon>-</icon>
							<thumb>$INFO[Window.Property(RecentAlbum.10.Thumb)]</thumb>
							<visible>!IsEmpty(Window.Property(RecentAlbum.10.Title))</visible>
						</item>
					</content>
    </include>
    <include name="SkinWidgetsRandomAlbums">
					<content>
						<item>
							<label>$INFO[Window.Property(RandomAlbum.1.Title)]</label>
							<label2>$INFO[Window.Property(RandomAlbum.1.Artist)]</label2>
							<onclick>PlayList.Clear</onclick>
							<onclick>$INFO[Window.Property(RandomAlbum.1.Play)]</onclick>
							<icon>-</icon>
							<thumb>$INFO[Window.Property(RandomAlbum.1.Thumb)]</thumb>
							<visible>!IsEmpty(Window.Property(RandomAlbum.1.Title))</visible>
						</item>
						<item>
							<label>$INFO[Window.Property(RandomAlbum.2.Title)]</label>
							<label2>$INFO[Window.Property(RandomAlbum.2.Artist)]</label2>
							<onclick>PlayList.Clear</onclick>
							<onclick>$INFO[Window.Property(RandomAlbum.2.Play)]</onclick>
							<icon>-</icon>
							<thumb>$INFO[Window.Property(RandomAlbum.2.Thumb)]</thumb>
							<visible>!IsEmpty(Window.Property(RandomAlbum.2.Title))</visible>
						</item>
						<item>
							<label>$INFO[Window.Property(RandomAlbum.3.Title)]</label>
							<label2>$INFO[Window.Property(RandomAlbum.3.Artist)]</label2>
							<onclick>PlayList.Clear</onclick>
							<onclick>$INFO[Window.Property(RandomAlbum.3.Play)]</onclick>
							<icon>-</icon>
							<thumb>$INFO[Window.Property(RandomAlbum.3.Thumb)]</thumb>
							<visible>!IsEmpty(Window.Property(RandomAlbum.3.Title))</visible>
						</item>
						<item>
							<label>$INFO[Window.Property(RandomAlbum.4.Title)]</label>
							<label2>$INFO[Window.Property(RandomAlbum.4.Artist)]</label2>
							<onclick>PlayList.Clear</onclick>
							<onclick>$INFO[Window.Property(RandomAlbum.4.Play)]</onclick>
							<icon>-</icon>
							<thumb>$INFO[Window.Property(RandomAlbum.4.Thumb)]</thumb>
							<visible>!IsEmpty(Window.Property(RandomAlbum.4.Title))</visible>
						</item>
						<item>
							<label>$INFO[Window.Property(RandomAlbum.5.Title)]</label>
							<label2>$INFO[Window.Property(RandomAlbum.5.Artist)]</label2>
							<onclick>PlayList.Clear</onclick>
							<onclick>$INFO[Window.Property(RandomAlbum.5.Play)]</onclick>
							<icon>-</icon>
							<thumb>$INFO[Window.Property(RandomAlbum.5.Thumb)]</thumb>
							<visible>!IsEmpty(Window.Property(RandomAlbum.5.Title))</visible>
						</item>
						<item>
							<label>$INFO[Window.Property(RandomAlbum.6.Title)]</label>
							<label2>$INFO[Window.Property(RandomAlbum.6.Artist)]</label2>
							<onclick>PlayList.Clear</onclick>
							<onclick>$INFO[Window.Property(RandomAlbum.6.Play)]</onclick>
							<icon>-</icon>
							<thumb>$INFO[Window.Property(RandomAlbum.6.Thumb)]</thumb>
							<visible>!IsEmpty(Window.Property(RandomAlbum.6.Title))</visible>
						</item>
						<item>
							<label>$INFO[Window.Property(RandomAlbum.7.Title)]</label>
							<label2>$INFO[Window.Property(RandomAlbum.7.Artist)]</label2>
							<onclick>PlayList.Clear</onclick>
							<onclick>$INFO[Window.Property(RandomAlbum.7.Play)]</onclick>
							<icon>-</icon>
							<thumb>$INFO[Window.Property(RandomAlbum.7.Thumb)]</thumb>
							<visible>!IsEmpty(Window.Property(RandomAlbum.7.Title))</visible>
						</item>
						<item>
							<label>$INFO[Window.Property(RandomAlbum.8.Title)]</label>
							<label2>$INFO[Window.Property(RandomAlbum.8.Artist)]</label2>
							<onclick>PlayList.Clear</onclick>
							<onclick>$INFO[Window.Property(RandomAlbum.8.Play)]</onclick>
							<icon>-</icon>
							<thumb>$INFO[Window.Property(RandomAlbum.8.Thumb)]</thumb>
							<visible>!IsEmpty(Window.Property(RandomAlbum.8.Title))</visible>
						</item>
						<item>
							<label>$INFO[Window.Property(RandomAlbum.9.Title)]</label>
							<label2>$INFO[Window.Property(RandomAlbum.9.Artist)]</label2>
							<onclick>PlayList.Clear</onclick>
							<onclick>$INFO[Window.Property(RandomAlbum.9.Play)]</onclick>
							<icon>-</icon>
							<thumb>$INFO[Window.Property(RandomAlbum.9.Thumb)]</thumb>
							<visible>!IsEmpty(Window.Property(RandomAlbum.9.Title))</visible>
						</item>
						<item>
							<label>$INFO[Window.Property(RandomAlbum.10.Title)]</label>
							<label2>$INFO[Window.Property(RandomAlbum.10.Artist)]</label2>
							<onclick>PlayList.Clear</onclick>
							<onclick>$INFO[Window.Property(RandomAlbum.10.Play)]</onclick>
							<icon>-</icon>
							<thumb>$INFO[Window.Property(RandomAlbum.10.Thumb)]</thumb>
							<visible>!IsEmpty(Window.Property(RandomAlbum.10.Title))</visible>
						</item>
					</content>
    </include>
    <include name="DefaultRecentlyAddedTV">
					<content>
						<item>
							<label>$INFO[Window.Property(LatestEpisode.1.EpisodeTitle)]</label>
							<label2>$INFO[Window.Property(LatestEpisode.1.ShowTitle)] - $INFO[Window.Property(LatestEpisode.1.EpisodeNo)]</label2>
							<onclick>PlayMedia($ESCINFO[Window.Property(LatestEpisode.1.Path)])</onclick>
							<icon>-</icon>
							<thumb>$INFO[Window.Property(LatestEpisode.1.Thumb)]</thumb>
							<visible>!IsEmpty(Window.Property(LatestEpisode.1.EpisodeTitle)) + Skin.HasSetting(HomepageShowSeasonEpisodes)</visible>
						</item>
						<item>
							<label>$INFO[Window.Property(LatestEpisode.1.EpisodeTitle)]</label>
							<label2>$INFO[Window.Property(LatestEpisode.1.ShowTitle)]</label2>
							<onclick>PlayMedia($ESCINFO[Window.Property(LatestEpisode.1.Path)])</onclick>
							<icon>-</icon>
							<thumb>$INFO[Window.Property(LatestEpisode.1.Thumb)]</thumb>
							<visible>!IsEmpty(Window.Property(LatestEpisode.1.EpisodeTitle)) + !Skin.HasSetting(HomepageShowSeasonEpisodes)</visible>
						</item>
						<item>
							<label>$INFO[Window.Property(Latestepisode.2.EpisodeTitle)]</label>
							<label2>$INFO[Window.Property(Latestepisode.2.ShowTitle)] - $INFO[Window.Property(Latestepisode.2.EpisodeNo)]</label2>
							<onclick>PlayMedia($ESCINFO[Window.Property(Latestepisode.2.Path)])</onclick>
							<icon>-</icon>
							<thumb>$INFO[Window.Property(Latestepisode.2.Thumb)]</thumb>
							<visible>!IsEmpty(Window.Property(Latestepisode.2.EpisodeTitle)) + Skin.HasSetting(HomepageShowSeasonEpisodes)</visible>
						</item>
						<item>
							<label>$INFO[Window.Property(Latestepisode.2.EpisodeTitle)]</label>
							<label2>$INFO[Window.Property(Latestepisode.2.ShowTitle)]</label2>
							<onclick>PlayMedia($ESCINFO[Window.Property(Latestepisode.2.Path)])</onclick>
							<icon>-</icon>
							<thumb>$INFO[Window.Property(Latestepisode.2.Thumb)]</thumb>
							<visible>!IsEmpty(Window.Property(Latestepisode.2.EpisodeTitle)) + !Skin.HasSetting(HomepageShowSeasonEpisodes)</visible>
						</item>
						<item>
							<label>$INFO[Window.Property(Latestepisode.3.EpisodeTitle)]</label>
							<label2>$INFO[Window.Property(Latestepisode.3.ShowTitle)] - $INFO[Window.Property(Latestepisode.3.EpisodeNo)]</label2>
							<onclick>PlayMedia($ESCINFO[Window.Property(Latestepisode.3.Path)])</onclick>
							<icon>-</icon>
							<thumb>$INFO[Window.Property(Latestepisode.3.Thumb)]</thumb>
							<visible>!IsEmpty(Window.Property(Latestepisode.3.EpisodeTitle)) + Skin.HasSetting(HomepageShowSeasonEpisodes)</visible>
						</item>
						<item>
							<label>$INFO[Window.Property(Latestepisode.3.EpisodeTitle)]</label>
							<label2>$INFO[Window.Property(Latestepisode.3.ShowTitle)]</label2>
							<onclick>PlayMedia($ESCINFO[Window.Property(Latestepisode.3.Path)])</onclick>
							<icon>-</icon>
							<thumb>$INFO[Window.Property(Latestepisode.3.Thumb)]</thumb>
							<visible>!IsEmpty(Window.Property(Latestepisode.3.EpisodeTitle)) + !Skin.HasSetting(HomepageShowSeasonEpisodes)</visible>
						</item>
						<item>
							<label>$INFO[Window.Property(Latestepisode.4.EpisodeTitle)]</label>
							<label2>$INFO[Window.Property(Latestepisode.4.ShowTitle)] - $INFO[Window.Property(Latestepisode.4.EpisodeNo)]</label2>
							<onclick>PlayMedia($ESCINFO[Window.Property(Latestepisode.4.Path)])</onclick>
							<icon>-</icon>
							<thumb>$INFO[Window.Property(Latestepisode.4.Thumb)]</thumb>
							<visible>!IsEmpty(Window.Property(Latestepisode.4.EpisodeTitle)) + Skin.HasSetting(HomepageShowSeasonEpisodes)</visible>
						</item>
						<item>
							<label>$INFO[Window.Property(Latestepisode.4.EpisodeTitle)]</label>
							<label2>$INFO[Window.Property(Latestepisode.4.ShowTitle)]</label2>
							<onclick>PlayMedia($ESCINFO[Window.Property(Latestepisode.4.Path)])</onclick>
							<icon>-</icon>
							<thumb>$INFO[Window.Property(Latestepisode.4.Thumb)]</thumb>
							<visible>!IsEmpty(Window.Property(Latestepisode.4.EpisodeTitle)) + !Skin.HasSetting(HomepageShowSeasonEpisodes)</visible>
						</item>
						<item>
							<label>$INFO[Window.Property(Latestepisode.5.EpisodeTitle)]</label>
							<label2>$INFO[Window.Property(Latestepisode.5.ShowTitle)] - $INFO[Window.Property(Latestepisode.5.EpisodeNo)]</label2>
							<onclick>PlayMedia($ESCINFO[Window.Property(Latestepisode.5.Path)])</onclick>
							<icon>-</icon>
							<thumb>$INFO[Window.Property(Latestepisode.5.Thumb)]</thumb>
							<visible>!IsEmpty(Window.Property(Latestepisode.5.EpisodeTitle)) + Skin.HasSetting(HomepageShowSeasonEpisodes)</visible>
						</item>
						<item>
							<label>$INFO[Window.Property(Latestepisode.5.EpisodeTitle)]</label>
							<label2>$INFO[Window.Property(Latestepisode.5.ShowTitle)]</label2>
							<onclick>PlayMedia($ESCINFO[Window.Property(Latestepisode.5.Path)])</onclick>
							<icon>-</icon>
							<thumb>$INFO[Window.Property(Latestepisode.5.Thumb)]</thumb>
							<visible>!IsEmpty(Window.Property(Latestepisode.5.EpisodeTitle)) + !Skin.HasSetting(HomepageShowSeasonEpisodes)</visible>
						</item>
						<item>
							<label>$INFO[Window.Property(Latestepisode.6.EpisodeTitle)]</label>
							<label2>$INFO[Window.Property(Latestepisode.6.ShowTitle)] - $INFO[Window.Property(Latestepisode.6.EpisodeNo)]</label2>
							<onclick>PlayMedia($ESCINFO[Window.Property(Latestepisode.6.Path)])</onclick>
							<icon>-</icon>
							<thumb>$INFO[Window.Property(Latestepisode.6.Thumb)]</thumb>
							<visible>!IsEmpty(Window.Property(Latestepisode.6.EpisodeTitle)) + Skin.HasSetting(HomepageShowSeasonEpisodes)</visible>
						</item>
						<item>
							<label>$INFO[Window.Property(Latestepisode.6.EpisodeTitle)]</label>
							<label2>$INFO[Window.Property(Latestepisode.6.ShowTitle)]</label2>
							<onclick>PlayMedia($ESCINFO[Window.Property(Latestepisode.6.Path)])</onclick>
							<icon>-</icon>
							<thumb>$INFO[Window.Property(Latestepisode.6.Thumb)]</thumb>
							<visible>!IsEmpty(Window.Property(Latestepisode.6.EpisodeTitle)) + !Skin.HasSetting(HomepageShowSeasonEpisodes)</visible>
						</item>
						<item>
							<label>$INFO[Window.Property(Latestepisode.7.EpisodeTitle)]</label>
							<label2>$INFO[Window.Property(Latestepisode.7.ShowTitle)] - $INFO[Window.Property(Latestepisode.7.EpisodeNo)]</label2>
							<onclick>PlayMedia($ESCINFO[Window.Property(Latestepisode.7.Path)])</onclick>
							<icon>-</icon>
							<thumb>$INFO[Window.Property(Latestepisode.7.Thumb)]</thumb>
							<visible>!IsEmpty(Window.Property(Latestepisode.7.EpisodeTitle)) + Skin.HasSetting(HomepageShowSeasonEpisodes)</visible>
						</item>
						<item>
							<label>$INFO[Window.Property(Latestepisode.7.EpisodeTitle)]</label>
							<label2>$INFO[Window.Property(Latestepisode.7.ShowTitle)]</label2>
							<onclick>PlayMedia($ESCINFO[Window.Property(Latestepisode.7.Path)])</onclick>
							<icon>-</icon>
							<thumb>$INFO[Window.Property(Latestepisode.7.Thumb)]</thumb>
							<visible>!IsEmpty(Window.Property(Latestepisode.7.EpisodeTitle)) + !Skin.HasSetting(HomepageShowSeasonEpisodes)</visible>
						</item>
						<item>
							<label>$INFO[Window.Property(Latestepisode.8.EpisodeTitle)]</label>
							<label2>$INFO[Window.Property(Latestepisode.8.ShowTitle)] - $INFO[Window.Property(Latestepisode.8.EpisodeNo)]</label2>
							<onclick>PlayMedia($ESCINFO[Window.Property(Latestepisode.8.Path)])</onclick>
							<icon>-</icon>
							<thumb>$INFO[Window.Property(Latestepisode.8.Thumb)]</thumb>
							<visible>!IsEmpty(Window.Property(Latestepisode.8.EpisodeTitle)) + Skin.HasSetting(HomepageShowSeasonEpisodes)</visible>
						</item>
						<item>
							<label>$INFO[Window.Property(Latestepisode.8.EpisodeTitle)]</label>
							<label2>$INFO[Window.Property(Latestepisode.8.ShowTitle)]</label2>
							<onclick>PlayMedia($ESCINFO[Window.Property(Latestepisode.8.Path)])</onclick>
							<icon>-</icon>
							<thumb>$INFO[Window.Property(Latestepisode.8.Thumb)]</thumb>
							<visible>!IsEmpty(Window.Property(Latestepisode.8.EpisodeTitle)) + !Skin.HasSetting(HomepageShowSeasonEpisodes)</visible>
						</item>
						<item>
							<label>$INFO[Window.Property(Latestepisode.9.EpisodeTitle)]</label>
							<label2>$INFO[Window.Property(Latestepisode.9.ShowTitle)] - $INFO[Window.Property(Latestepisode.9.EpisodeNo)]</label2>
							<onclick>PlayMedia($ESCINFO[Window.Property(Latestepisode.9.Path)])</onclick>
							<icon>-</icon>
							<thumb>$INFO[Window.Property(Latestepisode.9.Thumb)]</thumb>
							<visible>!IsEmpty(Window.Property(Latestepisode.9.EpisodeTitle)) + Skin.HasSetting(HomepageShowSeasonEpisodes)</visible>
						</item>
						<item>
							<label>$INFO[Window.Property(Latestepisode.9.EpisodeTitle)]</label>
							<label2>$INFO[Window.Property(Latestepisode.9.ShowTitle)]</label2>
							<onclick>PlayMedia($ESCINFO[Window.Property(Latestepisode.9.Path)])</onclick>
							<icon>-</icon>
							<thumb>$INFO[Window.Property(Latestepisode.9.Thumb)]</thumb>
							<visible>!IsEmpty(Window.Property(Latestepisode.9.EpisodeTitle)) + !Skin.HasSetting(HomepageShowSeasonEpisodes)</visible>
						</item>
						<item>
							<label>$INFO[Window.Property(Latestepisode.10.EpisodeTitle)]</label>
							<label2>$INFO[Window.Property(Latestepisode.10.ShowTitle)] - $INFO[Window.Property(Latestepisode.10.EpisodeNo)]</label2>
							<onclick>PlayMedia($ESCINFO[Window.Property(Latestepisode.10.Path)])</onclick>
							<icon>-</icon>
							<thumb>$INFO[Window.Property(Latestepisode.10.Thumb)]</thumb>
							<visible>!IsEmpty(Window.Property(Latestepisode.10.EpisodeTitle)) + Skin.HasSetting(HomepageShowSeasonEpisodes)</visible>
						</item>
						<item>
							<label>$INFO[Window.Property(Latestepisode.10.EpisodeTitle)]</label>
							<label2>$INFO[Window.Property(Latestepisode.10.ShowTitle)]</label2>
							<onclick>PlayMedia($ESCINFO[Window.Property(Latestepisode.10.Path)])</onclick>
							<icon>-</icon>
							<thumb>$INFO[Window.Property(Latestepisode.10.Thumb)]</thumb>
							<visible>!IsEmpty(Window.Property(Latestepisode.10.EpisodeTitle)) + !Skin.HasSetting(HomepageShowSeasonEpisodes)</visible>
						</item>
					</content>
    </include>
    <include name="SkinWidgetsRecentlyAddedTV">
					<content>
						<item>
							<label>$INFO[Window.Property(RecentEpisode.1.Title)]</label>
							<label2>$INFO[Window.Property(RecentEpisode.1.TVshowTitle)] - $INFO[Window.Property(RecentEpisode.1.EpisodeNo)]</label2>
							<onclick>PlayMedia($ESCINFO[Window.Property(RecentEpisode.1.File)])</onclick>
							<icon>-</icon>
							<thumb>$INFO[Window.Property(RecentEpisode.1.Art(thumb))]</thumb>
							<visible>!IsEmpty(Window.Property(RecentEpisode.1.Title)) + Skin.HasSetting(HomepageShowSeasonEpisodes)</visible>
						</item>
						<item>
							<label>$INFO[Window.Property(RecentEpisode.1.Title)]</label>
							<label2>$INFO[Window.Property(RecentEpisode.1.TVshowTitle)]</label2>
							<onclick>PlayMedia($ESCINFO[Window.Property(RecentEpisode.1.File)])</onclick>
							<icon>-</icon>
							<thumb>$INFO[Window.Property(RecentEpisode.1.Art(thumb))]</thumb>
							<visible>!IsEmpty(Window.Property(RecentEpisode.1.Title)) + !Skin.HasSetting(HomepageShowSeasonEpisodes)</visible>
						</item>
						<item>
							<label>$INFO[Window.Property(RecentEpisode.2.Title)]</label>
							<label2>$INFO[Window.Property(RecentEpisode.2.TVshowTitle)] - $INFO[Window.Property(RecentEpisode.2.EpisodeNo)]</label2>
							<onclick>PlayMedia($ESCINFO[Window.Property(RecentEpisode.2.File)])</onclick>
							<icon>-</icon>
							<thumb>$INFO[Window.Property(RecentEpisode.2.Art(thumb))]</thumb>
							<visible>!IsEmpty(Window.Property(RecentEpisode.2.Title)) + Skin.HasSetting(HomepageShowSeasonEpisodes)</visible>
						</item>
						<item>
							<label>$INFO[Window.Property(RecentEpisode.2.Title)]</label>
							<label2>$INFO[Window.Property(RecentEpisode.2.TVshowTitle)]</label2>
							<onclick>PlayMedia($ESCINFO[Window.Property(RecentEpisode.2.File)])</onclick>
							<icon>-</icon>
							<thumb>$INFO[Window.Property(RecentEpisode.2.Art(thumb))]</thumb>
							<visible>!IsEmpty(Window.Property(RecentEpisode.2.Title)) + !Skin.HasSetting(HomepageShowSeasonEpisodes)</visible>
						</item>
						<item>
							<label>$INFO[Window.Property(RecentEpisode.3.Title)]</label>
							<label2>$INFO[Window.Property(RecentEpisode.3.TVshowTitle)] - $INFO[Window.Property(RecentEpisode.3.EpisodeNo)]</label2>
							<onclick>PlayMedia($ESCINFO[Window.Property(RecentEpisode.3.File)])</onclick>
							<icon>-</icon>
							<thumb>$INFO[Window.Property(RecentEpisode.3.Art(thumb))]</thumb>
							<visible>!IsEmpty(Window.Property(RecentEpisode.3.Title)) + Skin.HasSetting(HomepageShowSeasonEpisodes)</visible>
						</item>
						<item>
							<label>$INFO[Window.Property(RecentEpisode.3.Title)]</label>
							<label2>$INFO[Window.Property(RecentEpisode.3.TVshowTitle)]</label2>
							<onclick>PlayMedia($ESCINFO[Window.Property(RecentEpisode.3.File)])</onclick>
							<icon>-</icon>
							<thumb>$INFO[Window.Property(RecentEpisode.3.Art(thumb))]</thumb>
							<visible>!IsEmpty(Window.Property(RecentEpisode.3.Title)) + !Skin.HasSetting(HomepageShowSeasonEpisodes)</visible>
						</item>
						<item>
							<label>$INFO[Window.Property(RecentEpisode.4.Title)]</label>
							<label2>$INFO[Window.Property(RecentEpisode.4.TVshowTitle)] - $INFO[Window.Property(RecentEpisode.4.EpisodeNo)]</label2>
							<onclick>PlayMedia($ESCINFO[Window.Property(RecentEpisode.4.File)])</onclick>
							<icon>-</icon>
							<thumb>$INFO[Window.Property(RecentEpisode.4.Art(thumb))]</thumb>
							<visible>!IsEmpty(Window.Property(RecentEpisode.4.Title)) + Skin.HasSetting(HomepageShowSeasonEpisodes)</visible>
						</item>
						<item>
							<label>$INFO[Window.Property(RecentEpisode.4.Title)]</label>
							<label2>$INFO[Window.Property(RecentEpisode.4.TVshowTitle)]</label2>
							<onclick>PlayMedia($ESCINFO[Window.Property(RecentEpisode.4.File)])</onclick>
							<icon>-</icon>
							<thumb>$INFO[Window.Property(RecentEpisode.4.Art(thumb))]</thumb>
							<visible>!IsEmpty(Window.Property(RecentEpisode.4.Title)) + !Skin.HasSetting(HomepageShowSeasonEpisodes)</visible>
						</item>
						<item>
							<label>$INFO[Window.Property(RecentEpisode.5.Title)]</label>
							<label2>$INFO[Window.Property(RecentEpisode.5.TVshowTitle)] - $INFO[Window.Property(RecentEpisode.5.EpisodeNo)]</label2>
							<onclick>PlayMedia($ESCINFO[Window.Property(RecentEpisode.5.File)])</onclick>
							<icon>-</icon>
							<thumb>$INFO[Window.Property(RecentEpisode.5.Art(thumb))]</thumb>
							<visible>!IsEmpty(Window.Property(RecentEpisode.5.Title)) + Skin.HasSetting(HomepageShowSeasonEpisodes)</visible>
						</item>
						<item>
							<label>$INFO[Window.Property(RecentEpisode.5.Title)]</label>
							<label2>$INFO[Window.Property(RecentEpisode.5.TVshowTitle)]</label2>
							<onclick>PlayMedia($ESCINFO[Window.Property(RecentEpisode.5.File)])</onclick>
							<icon>-</icon>
							<thumb>$INFO[Window.Property(RecentEpisode.5.Art(thumb))]</thumb>
							<visible>!IsEmpty(Window.Property(RecentEpisode.5.Title)) + !Skin.HasSetting(HomepageShowSeasonEpisodes)</visible>
						</item>
						<item>
							<label>$INFO[Window.Property(RecentEpisode.6.Title)]</label>
							<label2>$INFO[Window.Property(RecentEpisode.6.TVshowTitle)] - $INFO[Window.Property(RecentEpisode.6.EpisodeNo)]</label2>
							<onclick>PlayMedia($ESCINFO[Window.Property(RecentEpisode.6.File)])</onclick>
							<icon>-</icon>
							<thumb>$INFO[Window.Property(RecentEpisode.6.Art(thumb))]</thumb>
							<visible>!IsEmpty(Window.Property(RecentEpisode.6.Title)) + Skin.HasSetting(HomepageShowSeasonEpisodes)</visible>
						</item>
						<item>
							<label>$INFO[Window.Property(RecentEpisode.6.Title)]</label>
							<label2>$INFO[Window.Property(RecentEpisode.6.TVshowTitle)]</label2>
							<onclick>PlayMedia($ESCINFO[Window.Property(RecentEpisode.6.File)])</onclick>
							<icon>-</icon>
							<thumb>$INFO[Window.Property(RecentEpisode.6.Art(thumb))]</thumb>
							<visible>!IsEmpty(Window.Property(RecentEpisode.6.Title)) + !Skin.HasSetting(HomepageShowSeasonEpisodes)</visible>
						</item>
						<item>
							<label>$INFO[Window.Property(RecentEpisode.7.Title)]</label>
							<label2>$INFO[Window.Property(RecentEpisode.7.TVshowTitle)] - $INFO[Window.Property(RecentEpisode.7.EpisodeNo)]</label2>
							<onclick>PlayMedia($ESCINFO[Window.Property(RecentEpisode.7.File)])</onclick>
							<icon>-</icon>
							<thumb>$INFO[Window.Property(RecentEpisode.7.Art(thumb))]</thumb>
							<visible>!IsEmpty(Window.Property(RecentEpisode.7.Title)) + Skin.HasSetting(HomepageShowSeasonEpisodes)</visible>
						</item>
						<item>
							<label>$INFO[Window.Property(RecentEpisode.7.Title)]</label>
							<label2>$INFO[Window.Property(RecentEpisode.7.TVshowTitle)]</label2>
							<onclick>PlayMedia($ESCINFO[Window.Property(RecentEpisode.7.File)])</onclick>
							<icon>-</icon>
							<thumb>$INFO[Window.Property(RecentEpisode.7.Art(thumb))]</thumb>
							<visible>!IsEmpty(Window.Property(RecentEpisode.7.Title)) + !Skin.HasSetting(HomepageShowSeasonEpisodes)</visible>
						</item>
						<item>
							<label>$INFO[Window.Property(RecentEpisode.8.Title)]</label>
							<label2>$INFO[Window.Property(RecentEpisode.8.TVshowTitle)] - $INFO[Window.Property(RecentEpisode.8.EpisodeNo)]</label2>
							<onclick>PlayMedia($ESCINFO[Window.Property(RecentEpisode.8.File)])</onclick>
							<icon>-</icon>
							<thumb>$INFO[Window.Property(RecentEpisode.8.Art(thumb))]</thumb>
							<visible>!IsEmpty(Window.Property(RecentEpisode.8.Title)) + Skin.HasSetting(HomepageShowSeasonEpisodes)</visible>
						</item>
						<item>
							<label>$INFO[Window.Property(RecentEpisode.8.Title)]</label>
							<label2>$INFO[Window.Property(RecentEpisode.8.TVshowTitle)]</label2>
							<onclick>PlayMedia($ESCINFO[Window.Property(RecentEpisode.8.File)])</onclick>
							<icon>-</icon>
							<thumb>$INFO[Window.Property(RecentEpisode.8.Art(thumb))]</thumb>
							<visible>!IsEmpty(Window.Property(RecentEpisode.8.Title)) + !Skin.HasSetting(HomepageShowSeasonEpisodes)</visible>
						</item>
						<item>
							<label>$INFO[Window.Property(RecentEpisode.9.Title)]</label>
							<label2>$INFO[Window.Property(RecentEpisode.9.TVshowTitle)] - $INFO[Window.Property(RecentEpisode.9.EpisodeNo)]</label2>
							<onclick>PlayMedia($ESCINFO[Window.Property(RecentEpisode.9.File)])</onclick>
							<icon>-</icon>
							<thumb>$INFO[Window.Property(RecentEpisode.9.Art(thumb))]</thumb>
							<visible>!IsEmpty(Window.Property(RecentEpisode.9.Title)) + Skin.HasSetting(HomepageShowSeasonEpisodes)</visible>
						</item>
						<item>
							<label>$INFO[Window.Property(RecentEpisode.9.Title)]</label>
							<label2>$INFO[Window.Property(RecentEpisode.9.TVshowTitle)]</label2>
							<onclick>PlayMedia($ESCINFO[Window.Property(RecentEpisode.9.File)])</onclick>
							<icon>-</icon>
							<thumb>$INFO[Window.Property(RecentEpisode.9.Art(thumb))]</thumb>
							<visible>!IsEmpty(Window.Property(RecentEpisode.9.Title)) + !Skin.HasSetting(HomepageShowSeasonEpisodes)</visible>
						</item>
						<item>
							<label>$INFO[Window.Property(RecentEpisode.10.Title)]</label>
							<label2>$INFO[Window.Property(RecentEpisode.10.TVshowTitle)] - $INFO[Window.Property(RecentEpisode.10.EpisodeNo)]</label2>
							<onclick>PlayMedia($ESCINFO[Window.Property(RecentEpisode.10.File)])</onclick>
							<icon>-</icon>
							<thumb>$INFO[Window.Property(RecentEpisode.10.Art(thumb))]</thumb>
							<visible>!IsEmpty(Window.Property(RecentEpisode.10.Title)) + Skin.HasSetting(HomepageShowSeasonEpisodes)</visible>
						</item>
						<item>
							<label>$INFO[Window.Property(RecentEpisode.10.Title)]</label>
							<label2>$INFO[Window.Property(RecentEpisode.10.TVshowTitle)]</label2>
							<onclick>PlayMedia($ESCINFO[Window.Property(RecentEpisode.10.File)])</onclick>
							<icon>-</icon>
							<thumb>$INFO[Window.Property(RecentEpisode.10.Art(thumb))]</thumb>
							<visible>!IsEmpty(Window.Property(RecentEpisode.10.Title)) + !Skin.HasSetting(HomepageShowSeasonEpisodes)</visible>
						</item>
					</content>
    </include>
    <include name="SkinWidgetsRandomTV">
					<content>
						<item>
							<label>$INFO[Window.Property(RandomEpisode.1.Title)]</label>
							<label2>$INFO[Window.Property(RandomEpisode.1.TVshowTitle)] - $INFO[Window.Property(RandomEpisode.1.EpisodeNo)]</label2>
							<onclick>PlayMedia($ESCINFO[Window.Property(RandomEpisode.1.File)])</onclick>
							<icon>-</icon>
							<thumb>$INFO[Window.Property(RandomEpisode.1.Art(thumb))]</thumb>
							<visible>!IsEmpty(Window.Property(RandomEpisode.1.Title)) + Skin.HasSetting(HomepageShowSeasonEpisodes)</visible>
						</item>
						<item>
							<label>$INFO[Window.Property(RandomEpisode.1.Title)]</label>
							<label2>$INFO[Window.Property(RandomEpisode.1.TVshowTitle)]</label2>
							<onclick>PlayMedia($ESCINFO[Window.Property(RandomEpisode.1.File)])</onclick>
							<icon>-</icon>
							<thumb>$INFO[Window.Property(RandomEpisode.1.Art(thumb))]</thumb>
							<visible>!IsEmpty(Window.Property(RandomEpisode.1.Title)) + !Skin.HasSetting(HomepageShowSeasonEpisodes)</visible>
						</item>
						<item>
							<label>$INFO[Window.Property(RandomEpisode.2.Title)]</label>
							<label2>$INFO[Window.Property(RandomEpisode.2.TVshowTitle)] - $INFO[Window.Property(RandomEpisode.2.EpisodeNo)]</label2>
							<onclick>PlayMedia($ESCINFO[Window.Property(RandomEpisode.2.File)])</onclick>
							<icon>-</icon>
							<thumb>$INFO[Window.Property(RandomEpisode.2.Art(thumb))]</thumb>
							<visible>!IsEmpty(Window.Property(RandomEpisode.2.Title)) + Skin.HasSetting(HomepageShowSeasonEpisodes)</visible>
						</item>
						<item>
							<label>$INFO[Window.Property(RandomEpisode.2.Title)]</label>
							<label2>$INFO[Window.Property(RandomEpisode.2.TVshowTitle)]</label2>
							<onclick>PlayMedia($ESCINFO[Window.Property(RandomEpisode.2.File)])</onclick>
							<icon>-</icon>
							<thumb>$INFO[Window.Property(RandomEpisode.2.Art(thumb))]</thumb>
							<visible>!IsEmpty(Window.Property(RandomEpisode.2.Title)) + !Skin.HasSetting(HomepageShowSeasonEpisodes)</visible>
						</item>
						<item>
							<label>$INFO[Window.Property(RandomEpisode.3.Title)]</label>
							<label2>$INFO[Window.Property(RandomEpisode.3.TVshowTitle)] - $INFO[Window.Property(RandomEpisode.3.EpisodeNo)]</label2>
							<onclick>PlayMedia($ESCINFO[Window.Property(RandomEpisode.3.File)])</onclick>
							<icon>-</icon>
							<thumb>$INFO[Window.Property(RandomEpisode.3.Art(thumb))]</thumb>
							<visible>!IsEmpty(Window.Property(RandomEpisode.3.Title)) + Skin.HasSetting(HomepageShowSeasonEpisodes)</visible>
						</item>
						<item>
							<label>$INFO[Window.Property(RandomEpisode.3.Title)]</label>
							<label2>$INFO[Window.Property(RandomEpisode.3.TVshowTitle)]</label2>
							<onclick>PlayMedia($ESCINFO[Window.Property(RandomEpisode.3.File)])</onclick>
							<icon>-</icon>
							<thumb>$INFO[Window.Property(RandomEpisode.3.Art(thumb))]</thumb>
							<visible>!IsEmpty(Window.Property(RandomEpisode.3.Title)) + !Skin.HasSetting(HomepageShowSeasonEpisodes)</visible>
						</item>
						<item>
							<label>$INFO[Window.Property(RandomEpisode.4.Title)]</label>
							<label2>$INFO[Window.Property(RandomEpisode.4.TVshowTitle)] - $INFO[Window.Property(RandomEpisode.4.EpisodeNo)]</label2>
							<onclick>PlayMedia($ESCINFO[Window.Property(RandomEpisode.4.File)])</onclick>
							<icon>-</icon>
							<thumb>$INFO[Window.Property(RandomEpisode.4.Art(thumb))]</thumb>
							<visible>!IsEmpty(Window.Property(RandomEpisode.4.Title)) + Skin.HasSetting(HomepageShowSeasonEpisodes)</visible>
						</item>
						<item>
							<label>$INFO[Window.Property(RandomEpisode.4.Title)]</label>
							<label2>$INFO[Window.Property(RandomEpisode.4.TVshowTitle)]</label2>
							<onclick>PlayMedia($ESCINFO[Window.Property(RandomEpisode.4.File)])</onclick>
							<icon>-</icon>
							<thumb>$INFO[Window.Property(RandomEpisode.4.Art(thumb))]</thumb>
							<visible>!IsEmpty(Window.Property(RandomEpisode.4.Title)) + !Skin.HasSetting(HomepageShowSeasonEpisodes)</visible>
						</item>
						<item>
							<label>$INFO[Window.Property(RandomEpisode.5.Title)]</label>
							<label2>$INFO[Window.Property(RandomEpisode.5.TVshowTitle)] - $INFO[Window.Property(RandomEpisode.5.EpisodeNo)]</label2>
							<onclick>PlayMedia($ESCINFO[Window.Property(RandomEpisode.5.File)])</onclick>
							<icon>-</icon>
							<thumb>$INFO[Window.Property(RandomEpisode.5.Art(thumb))]</thumb>
							<visible>!IsEmpty(Window.Property(RandomEpisode.5.Title)) + Skin.HasSetting(HomepageShowSeasonEpisodes)</visible>
						</item>
						<item>
							<label>$INFO[Window.Property(RandomEpisode.5.Title)]</label>
							<label2>$INFO[Window.Property(RandomEpisode.5.TVshowTitle)]</label2>
							<onclick>PlayMedia($ESCINFO[Window.Property(RandomEpisode.5.File)])</onclick>
							<icon>-</icon>
							<thumb>$INFO[Window.Property(RandomEpisode.5.Art(thumb))]</thumb>
							<visible>!IsEmpty(Window.Property(RandomEpisode.5.Title)) + !Skin.HasSetting(HomepageShowSeasonEpisodes)</visible>
						</item>
						<item>
							<label>$INFO[Window.Property(RandomEpisode.6.Title)]</label>
							<label2>$INFO[Window.Property(RandomEpisode.6.TVshowTitle)] - $INFO[Window.Property(RandomEpisode.6.EpisodeNo)]</label2>
							<onclick>PlayMedia($ESCINFO[Window.Property(RandomEpisode.6.File)])</onclick>
							<icon>-</icon>
							<thumb>$INFO[Window.Property(RandomEpisode.6.Art(thumb))]</thumb>
							<visible>!IsEmpty(Window.Property(RandomEpisode.6.Title)) + Skin.HasSetting(HomepageShowSeasonEpisodes)</visible>
						</item>
						<item>
							<label>$INFO[Window.Property(RandomEpisode.6.Title)]</label>
							<label2>$INFO[Window.Property(RandomEpisode.6.TVshowTitle)]</label2>
							<onclick>PlayMedia($ESCINFO[Window.Property(RandomEpisode.6.File)])</onclick>
							<icon>-</icon>
							<thumb>$INFO[Window.Property(RandomEpisode.6.Art(thumb))]</thumb>
							<visible>!IsEmpty(Window.Property(RandomEpisode.6.Title)) + !Skin.HasSetting(HomepageShowSeasonEpisodes)</visible>
						</item>
						<item>
							<label>$INFO[Window.Property(RandomEpisode.7.Title)]</label>
							<label2>$INFO[Window.Property(RandomEpisode.7.TVshowTitle)] - $INFO[Window.Property(RandomEpisode.7.EpisodeNo)]</label2>
							<onclick>PlayMedia($ESCINFO[Window.Property(RandomEpisode.7.File)])</onclick>
							<icon>-</icon>
							<thumb>$INFO[Window.Property(RandomEpisode.7.Art(thumb))]</thumb>
							<visible>!IsEmpty(Window.Property(RandomEpisode.7.Title)) + Skin.HasSetting(HomepageShowSeasonEpisodes)</visible>
						</item>
						<item>
							<label>$INFO[Window.Property(RandomEpisode.7.Title)]</label>
							<label2>$INFO[Window.Property(RandomEpisode.7.TVshowTitle)]</label2>
							<onclick>PlayMedia($ESCINFO[Window.Property(RandomEpisode.7.File)])</onclick>
							<icon>-</icon>
							<thumb>$INFO[Window.Property(RandomEpisode.7.Art(thumb))]</thumb>
							<visible>!IsEmpty(Window.Property(RandomEpisode.7.Title)) + !Skin.HasSetting(HomepageShowSeasonEpisodes)</visible>
						</item>
						<item>
							<label>$INFO[Window.Property(RandomEpisode.8.Title)]</label>
							<label2>$INFO[Window.Property(RandomEpisode.8.TVshowTitle)] - $INFO[Window.Property(RandomEpisode.8.EpisodeNo)]</label2>
							<onclick>PlayMedia($ESCINFO[Window.Property(RandomEpisode.8.File)])</onclick>
							<icon>-</icon>
							<thumb>$INFO[Window.Property(RandomEpisode.8.Art(thumb))]</thumb>
							<visible>!IsEmpty(Window.Property(RandomEpisode.8.Title)) + Skin.HasSetting(HomepageShowSeasonEpisodes)</visible>
						</item>
						<item>
							<label>$INFO[Window.Property(RandomEpisode.8.Title)]</label>
							<label2>$INFO[Window.Property(RandomEpisode.8.TVshowTitle)]</label2>
							<onclick>PlayMedia($ESCINFO[Window.Property(RandomEpisode.8.File)])</onclick>
							<icon>-</icon>
							<thumb>$INFO[Window.Property(RandomEpisode.8.Art(thumb))]</thumb>
							<visible>!IsEmpty(Window.Property(RandomEpisode.8.Title)) + !Skin.HasSetting(HomepageShowSeasonEpisodes)</visible>
						</item>
						<item>
							<label>$INFO[Window.Property(RandomEpisode.9.Title)]</label>
							<label2>$INFO[Window.Property(RandomEpisode.9.TVshowTitle)] - $INFO[Window.Property(RandomEpisode.9.EpisodeNo)]</label2>
							<onclick>PlayMedia($ESCINFO[Window.Property(RandomEpisode.9.File)])</onclick>
							<icon>-</icon>
							<thumb>$INFO[Window.Property(RandomEpisode.9.Art(thumb))]</thumb>
							<visible>!IsEmpty(Window.Property(RandomEpisode.9.Title)) + Skin.HasSetting(HomepageShowSeasonEpisodes)</visible>
						</item>
						<item>
							<label>$INFO[Window.Property(RandomEpisode.9.Title)]</label>
							<label2>$INFO[Window.Property(RandomEpisode.9.TVshowTitle)]</label2>
							<onclick>PlayMedia($ESCINFO[Window.Property(RandomEpisode.9.File)])</onclick>
							<icon>-</icon>
							<thumb>$INFO[Window.Property(RandomEpisode.9.Art(thumb))]</thumb>
							<visible>!IsEmpty(Window.Property(RandomEpisode.9.Title)) + !Skin.HasSetting(HomepageShowSeasonEpisodes)</visible>
						</item>
						<item>
							<label>$INFO[Window.Property(RandomEpisode.10.Title)]</label>
							<label2>$INFO[Window.Property(RandomEpisode.10.TVshowTitle)] - $INFO[Window.Property(RandomEpisode.10.EpisodeNo)]</label2>
							<onclick>PlayMedia($ESCINFO[Window.Property(RandomEpisode.10.File)])</onclick>
							<icon>-</icon>
							<thumb>$INFO[Window.Property(RandomEpisode.10.Art(thumb))]</thumb>
							<visible>!IsEmpty(Window.Property(RandomEpisode.10.Title)) + Skin.HasSetting(HomepageShowSeasonEpisodes)</visible>
						</item>
						<item>
							<label>$INFO[Window.Property(RandomEpisode.10.Title)]</label>
							<label2>$INFO[Window.Property(RandomEpisode.10.TVshowTitle)]</label2>
							<onclick>PlayMedia($ESCINFO[Window.Property(RandomEpisode.10.File)])</onclick>
							<icon>-</icon>
							<thumb>$INFO[Window.Property(RandomEpisode.10.Art(thumb))]</thumb>
							<visible>!IsEmpty(Window.Property(RandomEpisode.10.Title)) + !Skin.HasSetting(HomepageShowSeasonEpisodes)</visible>
						</item>
					</content>
    </include>
    <include name="DefaultRecentlyAddedMovies">
					<content>
						<item>
							<label>$INFO[Window.Property(LatestMovie.1.Title)]</label>
							<label2></label2>
							<onclick>PlayMedia($ESCINFO[Window.Property(LatestMovie.1.Path)])</onclick>
							<icon>$INFO[Window.Property(LatestMovie.1.Thumb)]</icon>
							<thumb>-</thumb>
							<visible>!IsEmpty(Window.Property(LatestMovie.1.Title))</visible>
						</item>
						<item>
							<label>$INFO[Window.Property(LatestMovie.2.Title)]</label>
							<label2></label2>
							<onclick>PlayMedia($ESCINFO[Window.Property(LatestMovie.2.Path)])</onclick>
							<icon>$INFO[Window.Property(LatestMovie.2.Thumb)]</icon>
							<thumb>-</thumb>
							<visible>!IsEmpty(Window.Property(LatestMovie.2.Title))</visible>
						</item>
						<item>
							<label>$INFO[Window.Property(LatestMovie.3.Title)]</label>
							<label2></label2>
							<onclick>PlayMedia($ESCINFO[Window.Property(LatestMovie.3.Path)])</onclick>
							<icon>$INFO[Window.Property(LatestMovie.3.Thumb)]</icon>
							<thumb>-</thumb>
							<visible>!IsEmpty(Window.Property(LatestMovie.3.Title))</visible>
						</item>
						<item>
							<label>$INFO[Window.Property(LatestMovie.4.Title)]</label>
							<label2></label2>
							<onclick>PlayMedia($ESCINFO[Window.Property(LatestMovie.4.Path)])</onclick>
							<icon>$INFO[Window.Property(LatestMovie.4.Thumb)]</icon>
							<thumb>-</thumb>
							<visible>!IsEmpty(Window.Property(LatestMovie.4.Title))</visible>
						</item>
						<item>
							<label>$INFO[Window.Property(LatestMovie.5.Title)]</label>
							<label2></label2>
							<onclick>PlayMedia($ESCINFO[Window.Property(LatestMovie.5.Path)])</onclick>
							<icon>$INFO[Window.Property(LatestMovie.5.Thumb)]</icon>
							<thumb>-</thumb>
							<visible>!IsEmpty(Window.Property(LatestMovie.5.Title))</visible>
						</item>
						<item>
							<label>$INFO[Window.Property(LatestMovie.6.Title)]</label>
							<label2></label2>
							<onclick>PlayMedia($ESCINFO[Window.Property(LatestMovie.6.Path)])</onclick>
							<icon>$INFO[Window.Property(LatestMovie.6.Thumb)]</icon>
							<thumb>-</thumb>
							<visible>!IsEmpty(Window.Property(LatestMovie.6.Title))</visible>
						</item>
						<item>
							<label>$INFO[Window.Property(LatestMovie.7.Title)]</label>
							<label2></label2>
							<onclick>PlayMedia($ESCINFO[Window.Property(LatestMovie.7.Path)])</onclick>
							<icon>$INFO[Window.Property(LatestMovie.7.Thumb)]</icon>
							<thumb>-</thumb>
							<visible>!IsEmpty(Window.Property(LatestMovie.7.Title))</visible>
						</item>
						<item>
							<label>$INFO[Window.Property(LatestMovie.8.Title)]</label>
							<label2></label2>
							<onclick>PlayMedia($ESCINFO[Window.Property(LatestMovie.8.Path)])</onclick>
							<icon>$INFO[Window.Property(LatestMovie.8.Thumb)]</icon>
							<thumb>-</thumb>
							<visible>!IsEmpty(Window.Property(LatestMovie.8.Title))</visible>
						</item>
						<item>
							<label>$INFO[Window.Property(LatestMovie.9.Title)]</label>
							<label2></label2>
							<onclick>PlayMedia($ESCINFO[Window.Property(LatestMovie.9.Path)])</onclick>
							<icon>$INFO[Window.Property(LatestMovie.9.Thumb)]</icon>
							<thumb>-</thumb>
							<visible>!IsEmpty(Window.Property(LatestMovie.9.Title))</visible>
						</item>
						<item>
							<label>$INFO[Window.Property(LatestMovie.10.Title)]</label>
							<label2></label2>
							<onclick>PlayMedia($ESCINFO[Window.Property(LatestMovie.10.Path)])</onclick>
							<icon>$INFO[Window.Property(LatestMovie.10.Thumb)]</icon>
							<thumb>-</thumb>
							<visible>!IsEmpty(Window.Property(LatestMovie.10.Title))</visible>
						</item>
					</content>
    </include>
    <include name="SkinWidgetsRecentlyAddedMovies">
					<content>
						<item>
							<label>$INFO[Window.Property(RecentMovie.1.Title)]</label>
							<label2></label2>
							<onclick>PlayMedia($ESCINFO[Window.Property(RecentMovie.1.File)])</onclick>
							<icon>$INFO[Window.Property(RecentMovie.1.Art(poster))]</icon>
							<thumb>-</thumb>
							<visible>!IsEmpty(Window.Property(RecentMovie.1.Title))</visible>
						</item>
						<item>
							<label>$INFO[Window.Property(RecentMovie.2.Title)]</label>
							<label2></label2>
							<onclick>PlayMedia($ESCINFO[Window.Property(RecentMovie.2.File)])</onclick>
							<icon>$INFO[Window.Property(RecentMovie.2.Art(poster))]</icon>
							<thumb>-</thumb>
							<visible>!IsEmpty(Window.Property(RecentMovie.2.Title))</visible>
						</item>
						<item>
							<label>$INFO[Window.Property(RecentMovie.3.Title)]</label>
							<label2></label2>
							<onclick>PlayMedia($ESCINFO[Window.Property(RecentMovie.3.File)])</onclick>
							<icon>$INFO[Window.Property(RecentMovie.3.Art(poster))]</icon>
							<thumb>-</thumb>
							<visible>!IsEmpty(Window.Property(RecentMovie.3.Title))</visible>
						</item>
						<item>
							<label>$INFO[Window.Property(RecentMovie.4.Title)]</label>
							<label2></label2>
							<onclick>PlayMedia($ESCINFO[Window.Property(RecentMovie.4.File)])</onclick>
							<icon>$INFO[Window.Property(RecentMovie.4.Art(poster))]</icon>
							<thumb>-</thumb>
							<visible>!IsEmpty(Window.Property(RecentMovie.4.Title))</visible>
						</item>
						<item>
							<label>$INFO[Window.Property(RecentMovie.5.Title)]</label>
							<label2></label2>
							<onclick>PlayMedia($ESCINFO[Window.Property(RecentMovie.5.File)])</onclick>
							<icon>$INFO[Window.Property(RecentMovie.5.Art(poster))]</icon>
							<thumb>-</thumb>
							<visible>!IsEmpty(Window.Property(RecentMovie.5.Title))</visible>
						</item>
						<item>
							<label>$INFO[Window.Property(RecentMovie.6.Title)]</label>
							<label2></label2>
							<onclick>PlayMedia($ESCINFO[Window.Property(RecentMovie.6.File)])</onclick>
							<icon>$INFO[Window.Property(RecentMovie.6.Art(poster))]</icon>
							<thumb>-</thumb>
							<visible>!IsEmpty(Window.Property(RecentMovie.6.Title))</visible>
						</item>
						<item>
							<label>$INFO[Window.Property(RecentMovie.7.Title)]</label>
							<label2></label2>
							<onclick>PlayMedia($ESCINFO[Window.Property(RecentMovie.7.File)])</onclick>
							<icon>$INFO[Window.Property(RecentMovie.7.Art(poster))]</icon>
							<thumb>-</thumb>
							<visible>!IsEmpty(Window.Property(RecentMovie.7.Title))</visible>
						</item>
						<item>
							<label>$INFO[Window.Property(RecentMovie.8.Title)]</label>
							<label2></label2>
							<onclick>PlayMedia($ESCINFO[Window.Property(RecentMovie.8.File)])</onclick>
							<icon>$INFO[Window.Property(RecentMovie.8.Art(poster))]</icon>
							<thumb>-</thumb>
							<visible>!IsEmpty(Window.Property(RecentMovie.8.Title))</visible>
						</item>
						<item>
							<label>$INFO[Window.Property(RecentMovie.9.Title)]</label>
							<label2></label2>
							<onclick>PlayMedia($ESCINFO[Window.Property(RecentMovie.9.File)])</onclick>
							<icon>$INFO[Window.Property(RecentMovie.9.Art(poster))]</icon>
							<thumb>-</thumb>
							<visible>!IsEmpty(Window.Property(RecentMovie.9.Title))</visible>
						</item>
						<item>
							<label>$INFO[Window.Property(RecentMovie.10.Title)]</label>
							<label2></label2>
							<onclick>PlayMedia($ESCINFO[Window.Property(RecentMovie.10.File)])</onclick>
							<icon>$INFO[Window.Property(RecentMovie.10.Art(poster))]</icon>
							<thumb>-</thumb>
							<visible>!IsEmpty(Window.Property(RecentMovie.10.Title))</visible>
						</item>
					</content>
    </include>
    <include name="SkinWidgetsRandomMovies">
					<content>
						<item>
							<label>$INFO[Window.Property(RandomMovie.1.Title)]</label>
							<label2></label2>
							<onclick>PlayMedia($ESCINFO[Window.Property(RandomMovie.1.File)])</onclick>
							<icon>$INFO[Window.Property(RandomMovie.1.Art(poster))]</icon>
							<thumb>-</thumb>
							<visible>!IsEmpty(Window.Property(RandomMovie.1.Title))</visible>
						</item>
						<item>
							<label>$INFO[Window.Property(RandomMovie.2.Title)]</label>
							<label2></label2>
							<onclick>PlayMedia($ESCINFO[Window.Property(RandomMovie.2.File)])</onclick>
							<icon>$INFO[Window.Property(RandomMovie.2.Art(poster))]</icon>
							<thumb>-</thumb>
							<visible>!IsEmpty(Window.Property(RandomMovie.2.Title))</visible>
						</item>
						<item>
							<label>$INFO[Window.Property(RandomMovie.3.Title)]</label>
							<label2></label2>
							<onclick>PlayMedia($ESCINFO[Window.Property(RandomMovie.3.File)])</onclick>
							<icon>$INFO[Window.Property(RandomMovie.3.Art(poster))]</icon>
							<thumb>-</thumb>
							<visible>!IsEmpty(Window.Property(RandomMovie.3.Title))</visible>
						</item>
						<item>
							<label>$INFO[Window.Property(RandomMovie.4.Title)]</label>
							<label2></label2>
							<onclick>PlayMedia($ESCINFO[Window.Property(RandomMovie.4.File)])</onclick>
							<icon>$INFO[Window.Property(RandomMovie.4.Art(poster))]</icon>
							<thumb>-</thumb>
							<visible>!IsEmpty(Window.Property(RandomMovie.4.Title))</visible>
						</item>
						<item>
							<label>$INFO[Window.Property(RandomMovie.5.Title)]</label>
							<label2></label2>
							<onclick>PlayMedia($ESCINFO[Window.Property(RandomMovie.5.File)])</onclick>
							<icon>$INFO[Window.Property(RandomMovie.5.Art(poster))]</icon>
							<thumb>-</thumb>
							<visible>!IsEmpty(Window.Property(RandomMovie.5.Title))</visible>
						</item>
						<item>
							<label>$INFO[Window.Property(RandomMovie.6.Title)]</label>
							<label2></label2>
							<onclick>PlayMedia($ESCINFO[Window.Property(RandomMovie.6.File)])</onclick>
							<icon>$INFO[Window.Property(RandomMovie.6.Art(poster))]</icon>
							<thumb>-</thumb>
							<visible>!IsEmpty(Window.Property(RandomMovie.6.Title))</visible>
						</item>
						<item>
							<label>$INFO[Window.Property(RandomMovie.7.Title)]</label>
							<label2></label2>
							<onclick>PlayMedia($ESCINFO[Window.Property(RandomMovie.7.File)])</onclick>
							<icon>$INFO[Window.Property(RandomMovie.7.Art(poster))]</icon>
							<thumb>-</thumb>
							<visible>!IsEmpty(Window.Property(RandomMovie.7.Title))</visible>
						</item>
						<item>
							<label>$INFO[Window.Property(RandomMovie.8.Title)]</label>
							<label2></label2>
							<onclick>PlayMedia($ESCINFO[Window.Property(RandomMovie.8.File)])</onclick>
							<icon>$INFO[Window.Property(RandomMovie.8.Art(poster))]</icon>
							<thumb>-</thumb>
							<visible>!IsEmpty(Window.Property(RandomMovie.8.Title))</visible>
						</item>
						<item>
							<label>$INFO[Window.Property(RandomMovie.9.Title)]</label>
							<label2></label2>
							<onclick>PlayMedia($ESCINFO[Window.Property(RandomMovie.9.File)])</onclick>
							<icon>$INFO[Window.Property(RandomMovie.9.Art(poster))]</icon>
							<thumb>-</thumb>
							<visible>!IsEmpty(Window.Property(RandomMovie.9.Title))</visible>
						</item>
						<item>
							<label>$INFO[Window.Property(RandomMovie.10.Title)]</label>
							<label2></label2>
							<onclick>PlayMedia($ESCINFO[Window.Property(RandomMovie.10.File)])</onclick>
							<icon>$INFO[Window.Property(RandomMovie.10.Art(poster))]</icon>
							<thumb>-</thumb>
							<visible>!IsEmpty(Window.Property(RandomMovie.10.Title))</visible>
						</item>
					</content>
    </include>
</includes>
