<?xml version="1.0" encoding="UTF-8"?>
<includes>

	<include name="Object_Variable_Params">
    	<param name="font" default="" />
    	<param name="usefont" default="false" />
    	<param name="altfont" default="" />
    	<param name="usealtfont" default="false" />
    	<param name="textcolor" default="" />
    	<param name="usetextcolor" default="false" />
    	<param name="alttextcolor" default="" />
    	<param name="usealttextcolor" default="false" />
        <param name="width" default="" />
    	<param name="usewidth" default="false" />
        <param name="altwidth" default="" />
        <param name="usealtwidth" default="false" />
        <param name="height" default="" />
    	<param name="useheight" default="false" />
        <param name="altheight" default="" />
        <param name="usealtheight" default="false" />
		<definition>
            <include content="Object_Font" condition="$PARAM[usefont]">
        		<param name="font" value="$PARAM[font]" />
        	</include>
        	<include content="Object_Font" condition="$PARAM[usealtfont]">
            	<param name="font" value="$PARAM[altfont]" />
            </include>		
            <include content="Object_TextColor" condition="$PARAM[usetextcolor]">
        		<param name="textcolor" value="$PARAM[textcolor]" />
        	</include>
            <include content="Object_TextColor" condition="$PARAM[usealttextcolor]">
        		<param name="textcolor" value="$PARAM[alttextcolor]" />
        	</include>
            <include content="Object_Width" condition="$PARAM[usewidth]">
        		<param name="width" value="$PARAM[width]" />
        	</include>
        	<include content="Object_Width" condition="$PARAM[usealtwidth]">
            	<param name="width" value="$PARAM[altwidth]" />
            </include>
            <include content="Object_Height" condition="$PARAM[useheight]">
        		<param name="height" value="$PARAM[height]" />
        	</include>
        	<include content="Object_Height" condition="$PARAM[usealtheight]">
            	<param name="height" value="$PARAM[altheight]" />
            </include>		
		</definition>
	</include>

	<include name="Object_Font">
		<definition>
			<font>$PARAM[font]</font>
		</definition>
	</include>

	<include name="Object_TextColor">
		<definition>
			<textcolor>$PARAM[textcolor]</textcolor>
		</definition>
	</include>

	<include name="Object_Width">
		<definition>
			<width>$PARAM[width]</width>
		</definition>
	</include>

	<include name="Object_Height">
		<definition>
			<height>$PARAM[height]</height>
		</definition>
	</include>

</includes>
