<?xml version="1.0" encoding="UTF-8"?>
<window type="dialog" id="1121">
	<defaultcontrol always="true">15100</defaultcontrol>
	<coordinates>
		<left>0</left>
		<top>0</top>
	</coordinates>
	<backgroundcolor>background</backgroundcolor>
	<menucontrol>10000</menucontrol>
	<controls>
		<control type="group">
			<animation effect="zoom" center="auto" end="102,102" time="0" condition="Integer.IsGreater(System.StereoscopicMode,0)">conditional</animation>
			<animation effect="fade" start="100" end="bg_alpha" time="0" condition="Player.HasMedia">Conditional</animation>
			<animation effect="fade" start="0" end="100" time="300" condition="Window.Previous(fullscreenvideo) | Window.Previous(startup)">WindowOpen</animation>
			<include>ColoredBackgroundImages</include>
		</control>
		<include>WeatherStationTopBar</include>
		<control type="group" id="567">
			<description>Weather info</description>
			<animation type="Conditional" condition="Control.IsVisible(20000)" reversible="false">
				<effect type="slide" end="0,20" time="60" tween="sine" />
				<effect type="slide" end="0,-20" time="180" tween="sine" delay="80" />
			</animation>
			<animation type="Conditional" condition="Control.IsVisible(20001)" reversible="false">
				<effect type="slide" end="0,-20" time="60" tween="sine" />
				<effect type="slide" end="0,20" time="180" tween="sine" delay="80" />
			</animation>
			<scrolltime tween="cubic" easing="out">500</scrolltime>
			<include>OpenClose_Right</include>
			<height>1000</height>
			<width>100%</width>
			<control type="image">
				<left>2%</left>
				<top>100</top>
				<width>96%</width>
				<height>96%</height>
				<texture border="21">dialogs/dialog-bg.png</texture>
			</control>
			<control type="label">
				<right>100</right>
				<top>194</top>
				<aligny>center</aligny>
				<height>100</height>
				<width>500</width>
				<align>center</align>
				<font>big_temperature</font>
				<textcolor>grey</textcolor>
				<label>$INFO[Weather.Temperature]</label>
			</control>
			<control type="label">
				<right>100</right>
				<top>330</top>
				<align>center</align>
				<label>[I]$LOCALIZE[402]: $INFO[Window(weather).Property(Current.FeelsLike)]$INFO[System.TemperatureUnits][/I][CR]$INFO[Weather.Conditions]</label>
				<font>ws_widget</font>
				<width>500</width>
			</control>
			<control type="image">
				<description>current weather icon</description>
				<right>100</right>
				<top>450</top>
				<width>500</width>
				<height>500</height>
				<texture>$INFO[Window(weather).Property(Current.ConditionIcon)]</texture>
				<aspectratio>keep</aspectratio>
			</control>
			<control type="grouplist">
				<top>154</top>
				<left>90</left>
				<right>800</right>
				<width>1200</width>
				<itemgap>5</itemgap>
				<orientation>horizontal</orientation>
				<include content="WeatherStationIcon">
					<param name="label" value="Window(weather).Property(Current.Wind)" />
					<param name="texture" value="icons/weather/wind.png" />
					<param name="header" value="$LOCALIZE[404]" />
				</include>
				<include content="WeatherStationIcon">
					<param name="label" value="Window(weather).Property(Current.Humidity)" />
					<param name="texture" value="icons/weather/humidity.png" />
					<param name="header" value="$LOCALIZE[406]" />
				</include>
				<include content="WeatherStationIcon">
					<param name="label" value="Window(weather).Property(Current.Precipitation)" />
					<param name="texture" value="icons/weather/rain.png" />
					<param name="header" value="$LOCALIZE[33021]" />
				</include>
			</control>
			<control type="grouplist">
				<top>600</top>
				<left>90</left>
				<right>800</right>
				<itemgap>5</itemgap>
				<orientation>horizontal</orientation>
				<include content="WeatherStationIcon">
					<param name="label" value="Window(weather).Property(Today.Sunrise)" />
					<param name="texture" value="icons/weather/sunrise.png" />
					<param name="header" value="$LOCALIZE[405]" />
				</include>
				<include content="WeatherStationIcon">
					<param name="label" value="Window(weather).Property(Today.Sunset)" />
					<param name="texture" value="icons/weather/sunset.png" />
					<param name="header" value="$LOCALIZE[403]" />
				</include>
			</control>
		</control>
	</controls>
</window>
