<?xml version="1.0" encoding="UTF-8"?>
<window>
	<defaultcontrol always="true">9</defaultcontrol>
	<include>Animation_DialogPopupOpenClose</include>
	<controls>
		<control type="group">
		<centertop>50%</centertop>
		<height>800</height>
		<centerleft>50%</centerleft>
		<width>1820</width>
		<include content="DialogBackgroundCommons">
			<param name="width" value="1820" />
			<param name="height" value="800" />
			<param name="header_label" value="" />
			<param name="header_id" value="20" />
		</include>
		<control type="grouplist" id="9">
			<description>button area</description>
			<left>20</left>
			<top>70</top>
			<width>400</width>
			<height>700</height>
			<itemgap>-25</itemgap>
			<orientation>vertical</orientation>
			<onleft>9001</onleft>
			<onright>2</onright>
			<onup>9</onup>
			<ondown>9</ondown>
		</control>
		<include content="UpDownArrows">
			<param name="container_id" value="2" />
			<param name="posx" value="830" />
			<param name="up_posy" value="-42" />
			<param name="down_posy" value="814" />
		</include>
		<control type="image">
			<left>400</left>
			<top>70</top>
			<width>1100</width>
			<height>722</height>
			<texture border="40">buttons/dialogbutton-nofo.png</texture>
		</control>
		<control type="grouplist" id="2">
			<description>control area</description>
			<left>420</left>
			<top>90</top>
			<width>1060</width>
			<height>680</height>
			<onup>2</onup>
			<ondown>2</ondown>
			<onleft>9</onleft>
			<onright>9001</onright>
		</control>
		<control type="grouplist" id="9001">
			<right>20</right>
			<top>70</top>
			<width>300</width>
			<height>700</height>
			<itemgap>dialogbuttons_itemgap</itemgap>
			<align>left</align>
			<orientation>vertical</orientation>
			<onup>9001</onup>
			<ondown>9001</ondown>
			<onleft>2</onleft>
			<onright>9</onright>
			<include content="DefaultDialogButton">
				<param name="id" value="10" />
				<param name="label" value="$LOCALIZE[186]" />
			</include>
			<include content="DefaultDialogButton">
				<param name="id" value="11" />
				<param name="label" value="$LOCALIZE[222]" />
			</include>
			<include content="DefaultDialogButton">
				<param name="id" value="12" />
				<param name="label" value="$LOCALIZE[409]" />
			</include>
		</control>
		<control type="button" id="13">
			<description>Default Category Button</description>
			<height>120</height>
			<width>390</width>
			<textoffsetx>20</textoffsetx>
			<align>center</align>
			<aligny>center</aligny>
			<font>font25_title</font>
			<texturenofocus border="40">buttons/dialogbutton-nofo.png</texturenofocus>
		</control>
		<control type="button" id="3">
			<include>DefaultSettingButton</include>
		</control>
		<control type="radiobutton" id="4">
			<include>DefaultSettingButton</include>
			<textwidth>900</textwidth>
		</control>
		<control type="spincontrolex" id="5">
			<include>DefaultSettingButton</include>
			<textwidth>900</textwidth>
		</control>
		<control type="label" id="7">
			<height>60</height>
			<font>font12</font>
			<label></label>
			<textoffsetx>40</textoffsetx>
			<textoffsety>20</textoffsety>
			<textcolor>button_focus</textcolor>
			<shadowcolor>black</shadowcolor>
			<aligny>bottom</aligny>
		</control>
		<control type="image" id="6">
			<description>separator image</description>
			<height>3</height>
			<texture colordiffuse="AAAAAAAA" border="3">dialogs/separator-grey.png</texture>
		</control>
		<control type="sliderex" id="8">
			<include>DefaultSettingButton</include>
		</control>
		</control>
	</controls>
</window>
