<?xml version="1.0" encoding="UTF-8"?>
<window>
	<onload condition="System.HasAddon(script.weatherstation) + Skin.HasSetting(use_weatherclock)">RunScript(script.weatherstation)</onload>
	<defaultcontrol always="true">15100</defaultcontrol>
	<backgroundcolor>background</backgroundcolor>
	<menucontrol>10000</menucontrol>
	<controls>
<!-- KEJ MOD -->
	  <control type="group">
	    <visible>!Skin.HasSetting(use_weatherclock) | !System.HasAddon(script.weatherstation)</visible>
<!-- END KEJ MOD -->
		<control type="button" id="20000">
			<include>HiddenObject</include>
			<animation effect="fade" time="300" start="100" end="0">Focus</animation>
			<onfocus>SetFocus(2000)</onfocus>
			<onclick>noop</onclick>
			<visible allowhiddenfocus="true">Control.HasFocus(20000)</visible>
		</control>
		<control type="button" id="20001">
			<include>HiddenObject</include>
			<animation effect="fade" time="300" start="100" end="0">Focus</animation>
			<onfocus>SetFocus(2000)</onfocus>
			<onclick>noop</onclick>
			<visible allowhiddenfocus="true">Control.HasFocus(20001)</visible>
		</control>
		<control type="button" id="10000">
			<include>HiddenObject</include>
			<onfocus>ActivateWindow(servicesettings,weather)</onfocus>
			<onclick>noop</onclick>
		</control>
		<control type="videowindow">
			<depth>DepthBackground</depth>
			<include>FullScreenDimensions</include>
			<visible>Player.HasVideo</visible>
		</control>
		<control type="visualisation">
			<include>FullScreenDimensions</include>
			<visible>Player.HasAudio</visible>
		</control>
		<control type="group">
			<animation effect="zoom" center="auto" end="102,102" time="0" condition="Integer.IsGreater(System.StereoscopicMode,0)">conditional</animation>
			<animation effect="fade" start="100" end="bg_alpha" time="0" condition="Player.HasMedia">Conditional</animation>
			<animation effect="fade" start="0" end="100" time="300" condition="Window.Previous(fullscreenvideo) | Window.Previous(startup)">WindowOpen</animation>
			<include>ColoredBackgroundImages</include>
		</control>
		<control type="multiimage">
			<depth>DepthBackground</depth>
			<include>FullScreenDimensions</include>
			<aspectratio>scale</aspectratio>
			<fadetime>400</fadetime>
			<animation effect="zoom" center="auto" end="102,102" time="0" condition="Integer.IsGreater(System.StereoscopicMode,0)">conditional</animation>
			<animation effect="fade" start="0" end="100" time="400">WindowOpen</animation>
			<animation effect="fade" start="100" end="0" time="300">WindowClose</animation>
			<animation effect="fade" time="400">VisibleChange</animation>
			<imagepath background="true" colordiffuse="Skin.String(bg_diffusion)">$VAR[WeatherFanartVar]</imagepath>
			<visible>!Player.HasMedia</visible>
		</control>
		<control type="grouplist" id="2000">
			<orientation>vertical</orientation>
			<top>0</top>
			<height>100%</height>
			<left>0</left>
			<ondown>20001</ondown>
			<usecontrolcoords>true</usecontrolcoords>
			<animation type="Conditional" condition="Control.IsVisible(20000)" reversible="false">
				<effect type="slide" end="0,20" time="60" tween="sine" />
				<effect type="slide" end="0,-20" time="180" tween="sine" delay="80" />
			</animation>
			<animation type="Conditional" condition="Control.IsVisible(20001)" reversible="false">
				<effect type="slide" end="0,-20" time="60" tween="sine" />
				<effect type="slide" end="0,20" time="180" tween="sine" delay="80" />
			</animation>
			<scrolltime tween="cubic" easing="out">500</scrolltime>
			<include>OpenClose_Right</include>
			<itemgap>-160</itemgap>
			<include content="WeatherWidget">
				<param name="content_include" value="DailyItems" />
				<param name="list_id" value="15100" />
				<param name="widget_header" value="$LOCALIZE[31019]"/>
				<param name="visible" value="!String.IsEmpty(Window(weather).Property(Daily.IsFetched))" />
				<param name="width" value="258" />
			</include>
			<include content="WeatherWidget">
				<param name="content_include" value="HourlyItems" />
				<param name="list_id" value="15200" />
				<param name="widget_header" value="$LOCALIZE[33036]"/>
				<param name="visible" value="!String.IsEmpty(Window(weather).Property(Hourly.IsFetched))" />
				<param name="width" value="258" />
			</include>
			<include content="WeatherMapItem">
				<param name="item_id" value="1" />
				<param name="onup_id" value="15100" />
				<param name="ondown_id" value="70020" />
			</include>
			<include content="WeatherMapItem">
				<param name="item_id" value="2" />
				<param name="onup_id" value="70010" />
				<param name="ondown_id" value="70030" />
			</include>
			<include content="WeatherMapItem">
				<param name="item_id" value="3" />
				<param name="onup_id" value="70020" />
				<param name="ondown_id" value="70040" />
			</include>
			<include content="WeatherMapItem">
				<param name="item_id" value="4" />
				<param name="onup_id" value="70030" />
				<param name="ondown_id" value="70050" />
			</include>
			<include content="WeatherMapItem">
				<param name="item_id" value="5" />
				<param name="onup_id" value="70040" />
				<param name="ondown_id" value="20001" />
			</include>
		</control>
		<include content="TopBar">
			<param name="breadcrumbs_label" value="$LOCALIZE[8]$INFO[Window(Weather).Property(Location), / ]" />
			<param name="sublabel" value="$INFO[Window(weather).Property(WeatherProvider)]" />
		</include>
		<include>BottomBar</include>
	  </control>
<!-- KEJ MOD -->
	  <control type="group">
	    <visible>Skin.HasSetting(use_weatherclock) + System.HasAddon(script.weatherstation)</visible>
		<control type="group">
			<animation effect="zoom" center="auto" end="102,102" time="0" condition="Integer.IsGreater(System.StereoscopicMode,0)">conditional</animation>
			<animation effect="fade" start="100" end="bg_alpha" time="0" condition="Player.HasMedia">Conditional</animation>
			<animation effect="fade" start="0" end="100" time="300" condition="Window.Previous(fullscreenvideo) | Window.Previous(startup)">WindowOpen</animation>
			<include>ColoredBackgroundImages</include>
		</control>
		<include>WeatherStationTopBar</include>
		<control type="group">
			<scrolltime tween="cubic" easing="out">500</scrolltime>
			<include>OpenClose_Right</include>
			<control type="label">
				<width>100%</width>
				<align>center</align>
				<description>System Time</description>
				<font>big_time</font>
				<textcolor>grey</textcolor>
				<label>$INFO[System.Time(hh:mm)]</label>
			</control>
			<control type="button" id="15106">
				<description>hidden settings button</description>
				<posy>200</posy>
				<align>center</align>
				<aligny>center</aligny>
				<width>95%</width>
				<height>500</height>
				<selectedcolor />
				<texturefocus />
				<texturenofocus />
				<onclick>ActivateWindow(1123)</onclick>
			</control>
			<control type="group">
			    <visible>!system.getbool(input.enablemouse)</visible>
				<control type="button" id="15103">
					<description>current outdoor info</description>
					<visible>Weather.IsFetched + !String.IsEmpty(Window.Property(Location)) + !String.IsEmpty(Window.Property(Updated) + !String.IsEmpty(Window.Property(Current.Temperature)) + !String.IsEmpty(Window.Property(Current.Humidity))</visible>
					<posx>13</posx>
					<posy>750</posy>
					<align>center</align>
					<aligny>center</aligny>
					<width>646</width>
					<height>400</height>
					<font>big_temperature</font>
					<label>[COLOR=green]$INFO[Window.Property(Current.Temperature)]$INFO[System.TemperatureUnits][CR]$INFO[Window.Property(Current.Humidity)][/COLOR]</label>
					<selectedcolor>selected</selectedcolor>
					<texturefocus colordiffuse="button_focus">lists/focus.png</texturefocus>
					<texturenofocus />
					<onleft>15105</onleft>
					<onright>15104</onright>
					<onup>15101</onup>
					<ondown>15100</ondown>
					<onclick>ActivateWindow(1121)</onclick>
				</control>
				<control type="button" id="15104">
					<description>current forecast for today</description>
					<visible>Weather.IsFetched + !String.IsEmpty(Window.Property(Location)) + !String.IsEmpty(Window.Property(Updated)) + !String.IsEmpty(Window.Property(Day0.HighTemp)) + !String.IsEmpty(Window.Property(Day0.LowTemp))</visible>
					<posx>630</posx>
					<posy>750</posy>
					<align>center</align>
					<aligny>center</aligny>
					<width>646</width>
					<height>400</height>
					<font>big_temperature</font>
					<label>[COLOR=red]$INFO[Window.Property(Day0.HighTemp)]$INFO[System.TemperatureUnits][/COLOR][CR][COLOR=midnightblue]$INFO[Window.Property(Day0.LowTemp)]$INFO[System.TemperatureUnits][/COLOR]</label>
					<selectedcolor>selected</selectedcolor>
					<texturefocus colordiffuse="button_focus">lists/focus.png</texturefocus>
					<texturenofocus />
					<onleft>15103</onleft>
					<onright>15105</onright>
					<onup>15101</onup>
					<ondown>15100</ondown>
					<onclick>ActivateWindow(1120)</onclick>
				</control>
				<control type="button" id="15105">
					<description>current indoor info</description>
					<visible>!String.IsEmpty(Window.Property(IndoorTemp))</visible>
					<posx>1260</posx>
					<posy>750</posy>
					<align>center</align>
					<aligny>center</aligny>
					<width>646</width>
					<height>400</height>
					<font>big_temperature</font>
					<label>[COLOR=darkkhaki]$INFO[Window.Property(IndoorTemp)]$INFO[System.TemperatureUnits][CR]$INFO[Window.Property(IndoorHumidity)][/COLOR]</label>
					<selectedcolor>selected</selectedcolor>
					<texturefocus colordiffuse="button_focus">lists/focus.png</texturefocus>
					<texturenofocus />
					<onleft>15104</onleft>
					<onright>15103</onright>
					<onup>15102</onup>
					<ondown>15100</ondown>
					<onclick>ActivateWindow(1122)</onclick>
				</control>
			</control>
			<control type="group">
			    <visible>system.getbool(input.enablemouse)</visible>
				<control type="button" id="15103">
					<description>current outdoor info</description>
					<visible>Weather.IsFetched + !String.IsEmpty(Window.Property(Location)) + !String.IsEmpty(Window.Property(Updated) + !String.IsEmpty(Window.Property(Current.Temperature)) + !String.IsEmpty(Window.Property(Current.Humidity))</visible>
					<posx>13</posx>
					<posy>750</posy>
					<align>center</align>
					<aligny>center</aligny>
					<width>646</width>
					<height>400</height>
					<font>big_temperature</font>
					<label>[COLOR=green]$INFO[Window.Property(Current.Temperature)]$INFO[System.TemperatureUnits][CR]$INFO[Window.Property(Current.Humidity)][/COLOR]</label>
					<selectedcolor />
					<texturefocus />
					<texturenofocus />
					<onclick>ActivateWindow(1121)</onclick>
				</control>
				<control type="button" id="15104">
					<description>current forecast for today</description>
					<visible>Weather.IsFetched + !String.IsEmpty(Window.Property(Location)) + !String.IsEmpty(Window.Property(Updated)) + !String.IsEmpty(Window.Property(Day0.HighTemp)) + !String.IsEmpty(Window.Property(Day0.LowTemp))</visible>
					<posx>630</posx>
					<posy>750</posy>
					<align>center</align>
					<aligny>center</aligny>
					<width>646</width>
					<height>400</height>
					<font>big_temperature</font>
					<label>[COLOR=red]$INFO[Window.Property(Day0.HighTemp)]$INFO[System.TemperatureUnits][/COLOR][CR][COLOR=mediumblue]$INFO[Window.Property(Day0.LowTemp)]$INFO[System.TemperatureUnits][/COLOR]</label>
					<selectedcolor />
					<texturefocus />
					<texturenofocus />
					<onclick>ActivateWindow(1120)</onclick>
				</control>
				<control type="button" id="15105">
					<description>current indoor info</description>
					<visible>!String.IsEmpty(Window.Property(IndoorTemp))</visible>
					<posx>1260</posx>
					<posy>750</posy>
					<align>center</align>
					<aligny>center</aligny>
					<width>646</width>
					<height>400</height>
					<font>big_temperature</font>
					<label>[COLOR=darkkhaki]$INFO[Window.Property(IndoorTemp)]$INFO[System.TemperatureUnits][CR]$INFO[Window.Property(IndoorHumidity)][/COLOR]</label>
					<selectedcolor />
					<texturefocus />
					<texturenofocus />
					<onclick>ActivateWindow(1122)</onclick>
				</control>
			</control>
		</control>
	  </control>
<!-- END KEJ MOD -->
	</controls>
</window>
