<?xml version="1.0" encoding="UTF-8"?>
<includes>
	<include name="RegularModFonts">
		<font>
			<name>font_clock_small</name>
			<filename>Roboto-Thin.ttf</filename>
			<size>45</size>
		</font>
		<font>
			<name>big_time</name>
			<filename>Noto-Sans-Bold.ttf</filename>
			<size>600</size>
		</font>
		<font>
			<name>big_date</name>
			<filename>Noto-Sans.ttf</filename>
			<size>50</size>
		</font>
		<font>
			<name>big_temperature</name>
			<filename>Noto-Sans-Bold.ttf</filename>
			<size>190</size>
			<linespacing>0.90</linespacing>
		</font>
		<font>
			<name>big_forecast</name>
			<filename>Noto-Sans.ttf</filename>
			<size>90</size>
		</font>
		<font>
			<name>ws_widget</name>
			<filename>Noto-Sans.ttf</filename>
			<size>50</size>
		</font>
		<font>
			<name>ws_widget_large</name>
			<filename>Noto-Sans.ttf</filename>
			<size>120</size>
		</font>
		<font>
			<name>little_info</name>
			<filename>Noto-Sans.ttf</filename>
			<size>20</size>
		</font>
	</include>
	<include name="ArialModFonts">
		<font>
			<name>big_time</name>
			<filename>arial.ttf</filename>
			<size>600</size>
			<style>bold</style>
		</font>
		<font>
			<name>big_date</name>
			<filename>arial.ttf</filename>
			<size>50</size>
		</font>
		<font>
			<name>big_temperature</name>
			<filename>arial.ttf</filename>
			<size>190</size>
			<style>bold</style>
			<linespacing>0.90</linespacing>
		</font>
		<font>
			<name>big_forecast</name>
			<filename>arial.ttf</filename>
			<size>90</size>
		</font>
		<font>
			<name>ws_widget</name>
			<filename>arial.ttf</filename>
			<size>50</size>
		</font>
		<font>
			<name>ws_widget_large</name>
			<filename>arial.ttf</filename>
			<size>120</size>
		</font>
		<font>
			<name>little_info</name>
			<filename>arial.ttf</filename>
			<size>20</size>
		</font>
	</include>
</includes>