<?xml version="1.0" encoding="UTF-8"?>
<window>
	<defaultcontrol>9000</defaultcontrol>
	<backgroundcolor>background</backgroundcolor>
	<onload condition="String.IsEmpty(Skin.String(background_overlay))">Skin.SetString(background_overlay,1)</onload>
	<onload condition="![Skin.HasSetting(slot1_show_movies) | Skin.HasSetting(slot1_show_tvshows) | Skin.HasSetting(slot1_show_music) | Skin.HasSetting(slot1_show_musicvideos) | Skin.HasSetting(slot1_show_tv) | Skin.HasSetting(slot1_show_radio) | Skin.HasSetting(slot1_show_games) | Skin.HasSetting(slot1_show_addons) | Skin.HasSetting(slot1_show_pictures) | Skin.HasSetting(slot1_show_videos) | Skin.HasSetting(slot1_show_favorites) | Skin.HasSetting(slot1_show_weather) | Skin.HasSetting(slot1_show_none)]">Skin.SetBool(slot1_show_movies)</onload>	
	<onload condition="![Skin.HasSetting(slot2_show_movies) | Skin.HasSetting(slot2_show_tvshows) | Skin.HasSetting(slot2_show_music) | Skin.HasSetting(slot2_show_musicvideos) | Skin.HasSetting(slot2_show_tv) | Skin.HasSetting(slot2_show_radio) | Skin.HasSetting(slot2_show_games) | Skin.HasSetting(slot2_show_addons) | Skin.HasSetting(slot2_show_pictures) | Skin.HasSetting(slot2_show_videos) | Skin.HasSetting(slot2_show_favorites) | Skin.HasSetting(slot2_show_weather) | Skin.HasSetting(slot2_show_none)]">Skin.SetBool(slot2_show_tvshows)</onload>	
	<onload condition="![Skin.HasSetting(slot3_show_movies) | Skin.HasSetting(slot3_show_tvshows) | Skin.HasSetting(slot3_show_music) | Skin.HasSetting(slot3_show_musicvideos) | Skin.HasSetting(slot3_show_tv) | Skin.HasSetting(slot3_show_radio) | Skin.HasSetting(slot3_show_games) | Skin.HasSetting(slot3_show_addons) | Skin.HasSetting(slot3_show_pictures) | Skin.HasSetting(slot3_show_videos) | Skin.HasSetting(slot3_show_favorites) | Skin.HasSetting(slot3_show_weather) | Skin.HasSetting(slot3_show_none)]">Skin.SetBool(slot3_show_music)</onload>	
	<onload condition="![Skin.HasSetting(slot4_show_movies) | Skin.HasSetting(slot4_show_tvshows) | Skin.HasSetting(slot4_show_music) | Skin.HasSetting(slot4_show_musicvideos) | Skin.HasSetting(slot4_show_tv) | Skin.HasSetting(slot4_show_radio) | Skin.HasSetting(slot4_show_games) | Skin.HasSetting(slot4_show_addons) | Skin.HasSetting(slot4_show_pictures) | Skin.HasSetting(slot4_show_videos) | Skin.HasSetting(slot4_show_favorites) | Skin.HasSetting(slot4_show_weather) | Skin.HasSetting(slot4_show_none)]">Skin.SetBool(slot4_show_musicvideos)</onload>	
	<onload condition="![Skin.HasSetting(slot5_show_movies) | Skin.HasSetting(slot5_show_tvshows) | Skin.HasSetting(slot5_show_music) | Skin.HasSetting(slot5_show_musicvideos) | Skin.HasSetting(slot5_show_tv) | Skin.HasSetting(slot5_show_radio) | Skin.HasSetting(slot5_show_games) | Skin.HasSetting(slot5_show_addons) | Skin.HasSetting(slot5_show_pictures) | Skin.HasSetting(slot5_show_videos) | Skin.HasSetting(slot5_show_favorites) | Skin.HasSetting(slot5_show_weather) | Skin.HasSetting(slot5_show_none)]">Skin.SetBool(slot5_show_tv)</onload>	
	<onload condition="![Skin.HasSetting(slot6_show_movies) | Skin.HasSetting(slot6_show_tvshows) | Skin.HasSetting(slot6_show_music) | Skin.HasSetting(slot6_show_musicvideos) | Skin.HasSetting(slot6_show_tv) | Skin.HasSetting(slot6_show_radio) | Skin.HasSetting(slot6_show_games) | Skin.HasSetting(slot6_show_addons) | Skin.HasSetting(slot6_show_pictures) | Skin.HasSetting(slot6_show_videos) | Skin.HasSetting(slot6_show_favorites) | Skin.HasSetting(slot6_show_weather) | Skin.HasSetting(slot6_show_none)]">Skin.SetBool(slot6_show_radio)</onload>	
	<onload condition="![Skin.HasSetting(slot7_show_movies) | Skin.HasSetting(slot7_show_tvshows) | Skin.HasSetting(slot7_show_music) | Skin.HasSetting(slot7_show_musicvideos) | Skin.HasSetting(slot7_show_tv) | Skin.HasSetting(slot7_show_radio) | Skin.HasSetting(slot7_show_games) | Skin.HasSetting(slot7_show_addons) | Skin.HasSetting(slot7_show_pictures) | Skin.HasSetting(slot7_show_videos) | Skin.HasSetting(slot7_show_favorites) | Skin.HasSetting(slot7_show_weather) | Skin.HasSetting(slot7_show_none)]">Skin.SetBool(slot7_show_none)</onload>	
	<onload condition="![Skin.HasSetting(slot8_show_movies) | Skin.HasSetting(slot8_show_tvshows) | Skin.HasSetting(slot8_show_music) | Skin.HasSetting(slot8_show_musicvideos) | Skin.HasSetting(slot8_show_tv) | Skin.HasSetting(slot8_show_radio) | Skin.HasSetting(slot8_show_games) | Skin.HasSetting(slot8_show_addons) | Skin.HasSetting(slot8_show_pictures) | Skin.HasSetting(slot8_show_videos) | Skin.HasSetting(slot8_show_favorites) | Skin.HasSetting(slot8_show_weather) | Skin.HasSetting(slot8_show_none)]">Skin.SetBool(slot8_show_addons)</onload>	
	<onload condition="![Skin.HasSetting(slot9_show_movies) | Skin.HasSetting(slot9_show_tvshows) | Skin.HasSetting(slot9_show_music) | Skin.HasSetting(slot9_show_musicvideos) | Skin.HasSetting(slot9_show_tv) | Skin.HasSetting(slot9_show_radio) | Skin.HasSetting(slot9_show_games) | Skin.HasSetting(slot9_show_addons) | Skin.HasSetting(slot9_show_pictures) | Skin.HasSetting(slot9_show_videos) | Skin.HasSetting(slot9_show_favorites) | Skin.HasSetting(slot9_show_weather) | Skin.HasSetting(slot9_show_none)]">Skin.SetBool(slot9_show_pictures)</onload>	
	<onload condition="![Skin.HasSetting(slot10_show_movies) | Skin.HasSetting(slot10_show_tvshows) | Skin.HasSetting(slot10_show_music) | Skin.HasSetting(slot10_show_musicvideos) | Skin.HasSetting(slot10_show_tv) | Skin.HasSetting(slot10_show_radio) | Skin.HasSetting(slot10_show_games) | Skin.HasSetting(slot10_show_addons) | Skin.HasSetting(slot10_show_pictures) | Skin.HasSetting(slot10_show_videos) | Skin.HasSetting(slot10_show_favorites) | Skin.HasSetting(slot10_show_weather) | Skin.HasSetting(slot10_show_none)]">Skin.SetBool(slot10_show_videos)</onload>	
	<onload condition="![Skin.HasSetting(slot11_show_movies) | Skin.HasSetting(slot11_show_tvshows) | Skin.HasSetting(slot11_show_music) | Skin.HasSetting(slot11_show_musicvideos) | Skin.HasSetting(slot11_show_tv) | Skin.HasSetting(slot11_show_radio) | Skin.HasSetting(slot11_show_games) | Skin.HasSetting(slot11_show_addons) | Skin.HasSetting(slot11_show_pictures) | Skin.HasSetting(slot11_show_videos) | Skin.HasSetting(slot11_show_favorites) | Skin.HasSetting(slot11_show_weather) | Skin.HasSetting(slot11_show_none)]">Skin.SetBool(slot11_show_favorites)</onload>	
	<onload condition="![Skin.HasSetting(slot12_show_movies) | Skin.HasSetting(slot12_show_tvshows) | Skin.HasSetting(slot12_show_music) | Skin.HasSetting(slot12_show_musicvideos) | Skin.HasSetting(slot12_show_tv) | Skin.HasSetting(slot12_show_radio) | Skin.HasSetting(slot12_show_games) | Skin.HasSetting(slot12_show_addons) | Skin.HasSetting(slot12_show_pictures) | Skin.HasSetting(slot12_show_videos) | Skin.HasSetting(slot12_show_favorites) | Skin.HasSetting(slot12_show_weather) | Skin.HasSetting(slot12_show_none)]">Skin.SetBool(slot12_show_weather)</onload>
	<onload condition="![Skin.HasSetting(movie_categories_standard) | Skin.HasSetting(movie_categories_icons) | Skin.HasSetting(movie_categories_none)]">Skin.SetBool(movie_categories_standard)</onload>
	<onload condition="![Skin.HasSetting(tvshow_categories_standard) | Skin.HasSetting(tvshow_categories_icons) | Skin.HasSetting(tvshow_categories_none)]">Skin.SetBool(tvshow_categories_standard)</onload>
	<onload condition="![Skin.HasSetting(music_categories_standard) | Skin.HasSetting(music_categories_icons) | Skin.HasSetting(music_categories_none)]">Skin.SetBool(music_categories_standard)</onload>
	<onload condition="![Skin.HasSetting(musicvideos_categories_standard) | Skin.HasSetting(musicvideos_categories_icons) | Skin.HasSetting(musicvideos_categories_none)]">Skin.SetBool(musicvideos_categories_standard)</onload>
	<onload condition="![Skin.HasSetting(tv_categories_standard) | Skin.HasSetting(tv_categories_icons) | Skin.HasSetting(tv_categories_none)]">Skin.SetBool(tv_categories_standard)</onload>
	<onload condition="![Skin.HasSetting(radio_categories_standard) | Skin.HasSetting(radio_categories_icons) | Skin.HasSetting(radio_categories_none)]">Skin.SetBool(radio_categories_standard)</onload>
	<onload condition="![Skin.HasSetting(addon_categories_standard) | Skin.HasSetting(addon_categories_icons) | Skin.HasSetting(addon_categories_none)]">Skin.SetBool(addon_categories_standard)</onload>
	<onload condition="![Skin.HasSetting(picture_categories_standard) | Skin.HasSetting(picture_categories_icons) | Skin.HasSetting(picture_categories_none)]">Skin.SetBool(picture_categories_standard)</onload>
	<onload condition="String.IsEmpty(Skin.String(first_run))">Skin.SetString(run_once,1)</onload>
	<controls>
		<include>DefaultBackground</include>
		<control type="multiimage">
			<depth>DepthBackground</depth>
			<include>FullScreenDimensions</include>
			<aspectratio>scale</aspectratio>
			<fadetime>600</fadetime>
			<animation effect="zoom" center="auto" end="102,102" time="0" condition="Integer.IsGreater(System.StereoscopicMode,0)">conditional</animation>
			<animation effect="fade" start="0" end="100" time="400">WindowOpen</animation>
			<animation effect="fade" start="100" end="0" time="300">WindowClose</animation>
			<animation effect="fade" time="400">VisibleChange</animation>
			<imagepath background="true" colordiffuse="bg_overlay">$INFO[Skin.String(HomeFanart.path)]settings$INFO[Skin.String(HomeFanart.ext)]</imagepath>
			<visible>!Player.HasMedia + !String.IsEmpty(Skin.String(HomeFanart.path))</visible>
		</control>
		<control type="group" id="10000">
			<left>470</left>
			<include>OpenClose_Right</include>
			<control type="grouplist" id="700">
				<top>160</top>
				<left>0</left>
				<right>0</right>
				<bottom>140</bottom>
				<onleft>9000</onleft>
				<onright>60</onright>
				<onup>700</onup>
				<ondown>700</ondown>
				<visible>Container(9000).HasFocus(1)</visible>
				<control type="radiobutton" id="701">
					<label>$LOCALIZE[31095]</label>
					<include>DefaultSettingButton</include>
					<selected>!Skin.HasSetting(no_slide_animations)</selected>
					<onclick>Skin.ToggleSetting(no_slide_animations)</onclick>
				</control>
				<control type="radiobutton" id="702">
					<label>$LOCALIZE[20189]</label>
					<include>DefaultSettingButton</include>
					<onclick>Skin.ToggleSetting(autoscroll)</onclick>
					<selected>Skin.HasSetting(autoscroll)</selected>
				</control>
				<control type="radiobutton" id="703">
					<label>$LOCALIZE[31158]</label>
					<include>DefaultSettingButton</include>
					<onclick>Skin.ToggleSetting(touchmode)</onclick>
					<selected>Skin.HasSetting(touchmode)</selected>
				</control>
				<control type="radiobutton" id="704">
					<label>$LOCALIZE[31093]</label>
					<include>DefaultSettingButton</include>
					<onclick condition="!String.IsEmpty(Weather.Plugin)">Skin.ToggleSetting(show_weatherinfo)</onclick>
					<onclick condition="String.IsEmpty(Weather.Plugin)">ActivateWindow(servicesettings,weather)</onclick>
					<selected>Skin.HasSetting(show_weatherinfo) + !String.IsEmpty(Weather.Plugin)</selected>
				</control>
				<control type="radiobutton" id="705">
					<label>- $LOCALIZE[40168]</label>
					<include>DefaultSettingButton</include>
					<onclick>Skin.ToggleSetting(alt_weather)</onclick>
					<selected>Skin.HasSetting(alt_weather)</selected>
					<visible>Skin.HasSetting(show_weatherinfo)</visible>
				</control>
				<control type="radiobutton" id="706">
					<label>$LOCALIZE[31160]</label>
					<include>DefaultSettingButton</include>
					<onclick>Skin.ToggleSetting(hide_mediaflags)</onclick>
					<selected>!Skin.HasSetting(hide_mediaflags)</selected>
				</control>
				<control type="button" id="707">
					<label>$LOCALIZE[31024]</label>
					<include>DefaultSettingButton</include>
					<onclick>Skin.SelectBool(31024, 38018|circle_userrating, 563|circle_rating, 16018|circle_none)</onclick>
					<label2>$VAR[RatingSettingLabel2Var]</label2>
				</control>
				<control type="button" id="708">
					<label>$LOCALIZE[31164]</label>
					<include>DefaultSettingButton</include>
					<onclick>Skin.SelectBool(31164, 31165|show_profilename, 31166|show_profileavatar, 16018|show_none)</onclick>
					<label2>$VAR[ProfileIdentificationLabel2Var]</label2>
				</control>
				<control type="radiobutton" id="709">
					<label>$LOCALIZE[40163]</label>
					<include>DefaultSettingButton</include>
					<onclick>Skin.ToggleSetting(use_alt_timer_layout)</onclick>
					<selected>Skin.HasSetting(use_alt_timer_layout)</selected>
				</control>
				<control type="radiobutton" id="710">
					<label>$LOCALIZE[40164]</label>
					<include>DefaultSettingButton</include>
					<onclick>Skin.ToggleSetting(show_artist_bio)</onclick>
					<selected>Skin.HasSetting(show_artist_bio)</selected>
				</control>
				<control type="radiobutton" id="711">
					<label>$LOCALIZE[40169]</label>
					<include>DefaultSettingButton</include>
					<onclick>Skin.ToggleSetting(use_weatherclock)</onclick>
					<selected>Skin.HasSetting(use_weatherclock)</selected>
					<visible>System.HasAddon(script.weatherstation.lite)</visible>
				</control>
			</control>
			<control type="grouplist" id="600">
				<top>160</top>
				<left>0</left>
				<right>0</right>
				<bottom>140</bottom>
				<onleft>9000</onleft>
				<onright>60</onright>
				<onup>600</onup>
				<ondown>600</ondown>
				<visible>Container(9000).HasFocus(4)</visible>
				<control type="radiobutton" id="605">
					<label>$LOCALIZE[31002]</label>
					<include>DefaultSettingButton</include>
					<onclick>Skin.ToggleSetting(no_fanart)</onclick>
					<selected>!Skin.HasSetting(no_fanart)</selected>
				</control>
				<control type="radiobutton" id="610">
					<label>$LOCALIZE[40162]</label>
					<include>DefaultSettingButton</include>
					<onclick>Skin.ToggleSetting(show_musicvisualization)</onclick>
					<selected>Skin.HasSetting(show_musicvisualization)</selected>
				</control>
				<control type="button" id="611">
					<label>$LOCALIZE[40167]</label>
					<include>DefaultSettingButton</include>
					<onclick>Skin.SelectBool(40167, 40180|bgd_show_100, 40189|bgd_show_90, 40188|bgd_show_80, 13278|bgd_show_default, 40187|bgd_show_70, 40186|bgd_show_60, 40185|bgd_show_50, 40184|bgd_show_40, 40183|bgd_show_30, 40182|bgd_show_20, 40181|bgd_show_10, 16018|bgd_show_0)</onclick>
					<label2>$VAR[BackgroundDiffusionPercentLabel2Var]</label2>
				</control>
				<control type="button" id="607">
					<label>$LOCALIZE[31156]</label>
					<label2>$VAR[BackgroundOverlayTypeVar]</label2>
					<include>DefaultSettingButton</include>
					<onclick condition="String.IsEqual(Skin.String(background_overlay),7)">Skin.SetString(background_overlay,0)</onclick>
					<onclick condition="String.IsEqual(Skin.String(background_overlay),6)">Skin.SetString(background_overlay,7)</onclick>
					<onclick condition="String.IsEqual(Skin.String(background_overlay),5)">Skin.SetString(background_overlay,6)</onclick>
					<onclick condition="String.IsEqual(Skin.String(background_overlay),4)">Skin.SetString(background_overlay,5)</onclick>
					<onclick condition="String.IsEqual(Skin.String(background_overlay),3)">Skin.SetString(background_overlay,4)</onclick>
					<onclick condition="String.IsEqual(Skin.String(background_overlay),2)">Skin.SetString(background_overlay,3)</onclick>
					<onclick condition="String.IsEqual(Skin.String(background_overlay),1)">Skin.SetString(background_overlay,2)</onclick>
					<onclick condition="String.IsEqual(Skin.String(background_overlay),0)">Skin.SetString(background_overlay,1)</onclick>
				</control>
				<control type="button" id="608">
					<label>$LOCALIZE[31131]</label>
					<label2>$INFO[Skin.String(HomeFanart.name)]</label2>
					<include>DefaultSettingButton</include>
					<onclick condition="System.HasAddon(script.image.resource.select)">RunScript(script.image.resource.select,property=HomeFanart&amp;type=resource.images.skinbackgrounds)</onclick>
					<onclick condition="!System.HasAddon(script.image.resource.select)">InstallAddon(script.image.resource.select)</onclick>
					<enable>!Skin.HasSetting(no_fanart)</enable>
				</control>
				<control type="button" id="609">
					<label>$LOCALIZE[31062]</label>
					<label2>$INFO[Skin.String(WeatherFanart.name)]</label2>
					<include>DefaultSettingButton</include>
					<onclick condition="System.HasAddon(script.image.resource.select)">RunScript(script.image.resource.select,property=WeatherFanart&amp;type=resource.images.weatherfanart)</onclick>
					<onclick condition="!System.HasAddon(script.image.resource.select)">InstallAddon(script.image.resource.select)</onclick>
					<enable>!Skin.HasSetting(no_fanart)</enable>
				</control>
				<control type="button" id="6066">
					<label>$LOCALIZE[31149]</label>
					<label2>$INFO[Skin.String(MovieGenreFanart.Name)]</label2>
					<include>DefaultSettingButton</include>
					<onclick condition="!System.HasAddon(script.image.resource.select)">InstallAddon(script.image.resource.select)</onclick>
					<onclick condition="System.HasAddon(script.image.resource.select)">RunScript(script.image.resource.select,property=MovieGenreFanart&amp;type=resource.images.moviegenrefanart)</onclick>
				</control>
			</control>
			<control type="grouplist" id="610">
				<top>160</top>
				<left>0</left>
				<right>0</right>
				<bottom>140</bottom>
				<onleft>9000</onleft>
				<onright>60</onright>
				<onup>610</onup>
				<pagecontrol>60</pagecontrol>
				<ondown>610</ondown>
				<visible>Container(9000).HasFocus(2)</visible>
				<control type="button" id="611">
					<label>$LOCALIZE[396] 1</label>
					<include>DefaultSettingButton</include>
					<onclick>Skin.SelectBool(40166, 342|slot1_show_movies, 20343|slot1_show_tvshows, 2|slot1_show_music, 20389|slot1_show_musicvideos, 19020|slot1_show_tv, 19021|slot1_show_radio, 15016|slot1_show_games, 24001|slot1_show_addons, 1|slot1_show_pictures, 3|slot1_show_videos, 10134|slot1_show_favorites, 8|slot1_show_weather, 351|slot1_show_none)</onclick>
					<label2>$VAR[HomeMenuSlot1Label2Var]</label2>
				</control>
				<control type="button" id="612">
					<label>$LOCALIZE[396] 2</label>
					<include>DefaultSettingButton</include>
					<onclick>Skin.SelectBool(40166, 342|slot2_show_movies, 20343|slot2_show_tvshows, 2|slot2_show_music, 20389|slot2_show_musicvideos, 19020|slot2_show_tv, 19021|slot2_show_radio, 15016|slot2_show_games, 24001|slot2_show_addons, 1|slot2_show_pictures, 3|slot2_show_videos, 10134|slot2_show_favorites, 8|slot2_show_weather, 351|slot2_show_none)</onclick>
					<label2>$VAR[HomeMenuSlot2Label2Var]</label2>
				</control>
				<control type="button" id="613">
					<label>$LOCALIZE[396] 3</label>
					<include>DefaultSettingButton</include>
					<onclick>Skin.SelectBool(40166, 342|slot3_show_movies, 20343|slot3_show_tvshows, 2|slot3_show_music, 20389|slot3_show_musicvideos, 19020|slot3_show_tv, 19021|slot3_show_radio, 15016|slot3_show_games, 24001|slot3_show_addons, 1|slot3_show_pictures, 3|slot3_show_videos, 10134|slot3_show_favorites, 8|slot3_show_weather, 351|slot3_show_none)</onclick>
					<label2>$VAR[HomeMenuSlot3Label2Var]</label2>
				</control>
				<control type="button" id="614">
					<label>$LOCALIZE[396] 4</label>
					<include>DefaultSettingButton</include>
					<onclick>Skin.SelectBool(40166, 342|slot4_show_movies, 20343|slot4_show_tvshows, 2|slot4_show_music, 20389|slot4_show_musicvideos, 19020|slot4_show_tv, 19021|slot4_show_radio, 15016|slot4_show_games, 24001|slot4_show_addons, 1|slot4_show_pictures, 3|slot4_show_videos, 10134|slot4_show_favorites, 8|slot4_show_weather, 351|slot4_show_none)</onclick>
					<label2>$VAR[HomeMenuSlot4Label2Var]</label2>
				</control>
				<control type="button" id="615">
					<label>$LOCALIZE[396] 5</label>
					<include>DefaultSettingButton</include>
					<onclick>Skin.SelectBool(40166, 342|slot5_show_movies, 20343|slot5_show_tvshows, 2|slot5_show_music, 20389|slot5_show_musicvideos, 19020|slot5_show_tv, 19021|slot5_show_radio, 15016|slot5_show_games, 24001|slot5_show_addons, 1|slot5_show_pictures, 3|slot5_show_videos, 10134|slot5_show_favorites, 8|slot5_show_weather, 351|slot5_show_none)</onclick>
					<label2>$VAR[HomeMenuSlot5Label2Var]</label2>
				</control>
				<control type="button" id="616">
					<label>$LOCALIZE[396] 6</label>
					<include>DefaultSettingButton</include>
					<onclick>Skin.SelectBool(40166, 342|slot6_show_movies, 20343|slot6_show_tvshows, 2|slot6_show_music, 20389|slot6_show_musicvideos, 19020|slot6_show_tv, 19021|slot6_show_radio, 15016|slot6_show_games, 24001|slot6_show_addons, 1|slot6_show_pictures, 3|slot6_show_videos, 10134|slot6_show_favorites, 8|slot6_show_weather, 351|slot6_show_none)</onclick>
					<label2>$VAR[HomeMenuSlot6Label2Var]</label2>
				</control>
				<control type="button" id="617">
					<label>$LOCALIZE[396] 7</label>
					<include>DefaultSettingButton</include>
					<onclick>Skin.SelectBool(40166, 342|slot7_show_movies, 20343|slot7_show_tvshows, 2|slot7_show_music, 20389|slot7_show_musicvideos, 19020|slot7_show_tv, 19021|slot7_show_radio, 15016|slot7_show_games, 24001|slot7_show_addons, 1|slot7_show_pictures, 3|slot7_show_videos, 10134|slot7_show_favorites, 8|slot7_show_weather, 351|slot7_show_none)</onclick>
					<label2>$VAR[HomeMenuSlot7Label2Var]</label2>
				</control>
				<control type="button" id="618">
					<label>$LOCALIZE[396] 8</label>
					<include>DefaultSettingButton</include>
					<onclick>Skin.SelectBool(40166, 342|slot8_show_movies, 20343|slot8_show_tvshows, 2|slot8_show_music, 20389|slot8_show_musicvideos, 19020|slot8_show_tv, 19021|slot8_show_radio, 15016|slot8_show_games, 24001|slot8_show_addons, 1|slot8_show_pictures, 3|slot8_show_videos, 10134|slot8_show_favorites, 8|slot8_show_weather, 351|slot8_show_none)</onclick>
					<label2>$VAR[HomeMenuSlot8Label2Var]</label2>
				</control>
				<control type="button" id="619">
					<label>$LOCALIZE[396] 9</label>
					<include>DefaultSettingButton</include>
					<onclick>Skin.SelectBool(40166, 342|slot9_show_movies, 20343|slot9_show_tvshows, 2|slot9_show_music, 20389|slot9_show_musicvideos, 19020|slot9_show_tv, 19021|slot9_show_radio, 15016|slot9_show_games, 24001|slot9_show_addons, 1|slot9_show_pictures, 3|slot9_show_videos, 10134|slot9_show_favorites, 8|slot9_show_weather, 351|slot9_show_none)</onclick>
					<label2>$VAR[HomeMenuSlot9Label2Var]</label2>
				</control>
				<control type="button" id="620">
					<label>$LOCALIZE[396] 10</label>
					<include>DefaultSettingButton</include>
					<onclick>Skin.SelectBool(40166, 342|slot10_show_movies, 20343|slot10_show_tvshows, 2|slot10_show_music, 20389|slot10_show_musicvideos, 19020|slot10_show_tv, 19021|slot10_show_radio, 15016|slot10_show_games, 24001|slot10_show_addons, 1|slot10_show_pictures, 3|slot10_show_videos, 10134|slot10_show_favorites, 8|slot10_show_weather, 351|slot10_show_none)</onclick>
					<label2>$VAR[HomeMenuSlot10Label2Var]</label2>
				</control>
				<control type="button" id="621">
					<label>$LOCALIZE[396] 11</label>
					<include>DefaultSettingButton</include>
					<onclick>Skin.SelectBool(40166, 342|slot11_show_movies, 20343|slot11_show_tvshows, 2|slot11_show_music, 20389|slot11_show_musicvideos, 19020|slot11_show_tv, 19021|slot11_show_radio, 15016|slot11_show_games, 24001|slot11_show_addons, 1|slot11_show_pictures, 3|slot11_show_videos, 10134|slot11_show_favorites, 8|slot11_show_weather, 351|slot11_show_none)</onclick>
					<label2>$VAR[HomeMenuSlot11Label2Var]</label2>
				</control>
				<control type="button" id="622">
					<label>$LOCALIZE[396] 12</label>
					<include>DefaultSettingButton</include>
					<onclick>Skin.SelectBool(40166, 342|slot12_show_movies, 20343|slot12_show_tvshows, 2|slot12_show_music, 20389|slot12_show_musicvideos, 19020|slot12_show_tv, 19021|slot12_show_radio, 15016|slot12_show_games, 24001|slot12_show_addons, 1|slot12_show_pictures, 3|slot12_show_videos, 10134|slot12_show_favorites, 8|slot12_show_weather, 351|slot12_show_none)</onclick>
					<label2>$VAR[HomeMenuSlot12Label2Var]</label2>
				</control>
			</control>
			<control type="grouplist" id="800">
				<top>160</top>
				<left>0</left>
				<right>0</right>
				<bottom>140</bottom>
				<onleft>9000</onleft>
				<onright>60</onright>
				<onup>800</onup>
				<ondown>800</ondown>
				<pagecontrol>60</pagecontrol>
				<visible>Container(9000).HasFocus(3)</visible>
				<control type="button" id="801">
					<label>$LOCALIZE[20342]</label>
					<include>DefaultSettingButton</include>
					<visible>Skin.HasSetting(slot1_show_movies) | Skin.HasSetting(slot2_show_movies) | Skin.HasSetting(slot3_show_movies) | Skin.HasSetting(slot4_show_movies) | Skin.HasSetting(slot5_show_movies) | Skin.HasSetting(slot6_show_movies) | Skin.HasSetting(slot7_show_movies) | Skin.HasSetting(slot8_show_movies) | Skin.HasSetting(slot9_show_movies) | Skin.HasSetting(slot10_show_movies) | Skin.HasSetting(slot11_show_movies) | Skin.HasSetting(slot12_show_movies)</visible>
				</control>
				<control type="button" id="8010">
					<label>- $LOCALIZE[31148]</label>
					<include>DefaultSettingButton</include>
					<onclick>Skin.SelectBool(31148, 602|movie_categories_standard, 536|movie_categories_icons, 351|movie_categories_none)</onclick>
					<label2>$VAR[MovieCategoriesLabel2Var]</label2>
					<visible>Skin.HasSetting(slot1_show_movies) | Skin.HasSetting(slot2_show_movies) | Skin.HasSetting(slot3_show_movies) | Skin.HasSetting(slot4_show_movies) | Skin.HasSetting(slot5_show_movies) | Skin.HasSetting(slot6_show_movies) | Skin.HasSetting(slot7_show_movies) | Skin.HasSetting(slot8_show_movies) | Skin.HasSetting(slot9_show_movies) | Skin.HasSetting(slot10_show_movies) | Skin.HasSetting(slot11_show_movies) | Skin.HasSetting(slot12_show_movies)</visible>
				</control>
				<control type="button" id="8017">
					<label>-- $LOCALIZE[31157]</label>
					<include>DefaultSettingButton</include>
					<onclick condition="System.HasAddon(plugin.library.node.editor)">ActivateWindow(programs,plugin://plugin.library.node.editor/?ltype=video,return)</onclick>
					<onclick condition="!System.HasAddon(plugin.library.node.editor)">InstallAddon(plugin.library.node.editor)</onclick>
					<visible>Skin.HasSetting(slot1_show_movies) | Skin.HasSetting(slot2_show_movies) | Skin.HasSetting(slot3_show_movies) | Skin.HasSetting(slot4_show_movies) | Skin.HasSetting(slot5_show_movies) | Skin.HasSetting(slot6_show_movies) | Skin.HasSetting(slot7_show_movies) | Skin.HasSetting(slot8_show_movies) | Skin.HasSetting(slot9_show_movies) | Skin.HasSetting(slot10_show_movies) | Skin.HasSetting(slot11_show_movies) | Skin.HasSetting(slot12_show_movies)</visible>
				</control>
				<control type="radiobutton" id="8011">
					<label>- $LOCALIZE[31010]</label>
					<include>DefaultSettingButton</include>
					<selected>!Skin.HasSetting(no_movie_inprogress)</selected>
					<onclick>Skin.ToggleSetting(no_movie_inprogress)</onclick>
					<visible>Skin.HasSetting(slot1_show_movies) | Skin.HasSetting(slot2_show_movies) | Skin.HasSetting(slot3_show_movies) | Skin.HasSetting(slot4_show_movies) | Skin.HasSetting(slot5_show_movies) | Skin.HasSetting(slot6_show_movies) | Skin.HasSetting(slot7_show_movies) | Skin.HasSetting(slot8_show_movies) | Skin.HasSetting(slot9_show_movies) | Skin.HasSetting(slot10_show_movies) | Skin.HasSetting(slot11_show_movies) | Skin.HasSetting(slot12_show_movies)</visible>
				</control>
				<control type="radiobutton" id="8012">
					<label>- $LOCALIZE[20386]</label>
					<include>DefaultSettingButton</include>
					<selected>!Skin.HasSetting(no_movie_recent)</selected>
					<onclick>Skin.ToggleSetting(no_movie_recent)</onclick>
					<visible>Skin.HasSetting(slot1_show_movies) | Skin.HasSetting(slot2_show_movies) | Skin.HasSetting(slot3_show_movies) | Skin.HasSetting(slot4_show_movies) | Skin.HasSetting(slot5_show_movies) | Skin.HasSetting(slot6_show_movies) | Skin.HasSetting(slot7_show_movies) | Skin.HasSetting(slot8_show_movies) | Skin.HasSetting(slot9_show_movies) | Skin.HasSetting(slot10_show_movies) | Skin.HasSetting(slot11_show_movies) | Skin.HasSetting(slot12_show_movies)</visible>
				</control>
				<control type="radiobutton" id="8013">
					<label>- $LOCALIZE[31007]</label>
					<include>DefaultSettingButton</include>
					<selected>!Skin.HasSetting(no_movie_unwatched)</selected>
					<onclick>Skin.ToggleSetting(no_movie_unwatched)</onclick>
					<visible>Skin.HasSetting(slot1_show_movies) | Skin.HasSetting(slot2_show_movies) | Skin.HasSetting(slot3_show_movies) | Skin.HasSetting(slot4_show_movies) | Skin.HasSetting(slot5_show_movies) | Skin.HasSetting(slot6_show_movies) | Skin.HasSetting(slot7_show_movies) | Skin.HasSetting(slot8_show_movies) | Skin.HasSetting(slot9_show_movies) | Skin.HasSetting(slot10_show_movies) | Skin.HasSetting(slot11_show_movies) | Skin.HasSetting(slot12_show_movies)</visible>
				</control>
				<control type="radiobutton" id="8014">
					<label>- $LOCALIZE[31006]</label>
					<include>DefaultSettingButton</include>
					<selected>!Skin.HasSetting(no_movie_random)</selected>
					<onclick>Skin.ToggleSetting(no_movie_random)</onclick>
					<visible>Skin.HasSetting(slot1_show_movies) | Skin.HasSetting(slot2_show_movies) | Skin.HasSetting(slot3_show_movies) | Skin.HasSetting(slot4_show_movies) | Skin.HasSetting(slot5_show_movies) | Skin.HasSetting(slot6_show_movies) | Skin.HasSetting(slot7_show_movies) | Skin.HasSetting(slot8_show_movies) | Skin.HasSetting(slot9_show_movies) | Skin.HasSetting(slot10_show_movies) | Skin.HasSetting(slot11_show_movies) | Skin.HasSetting(slot12_show_movies)</visible>
				</control>
				<control type="radiobutton" id="8015">
					<label>- $LOCALIZE[135]</label>
					<include>DefaultSettingButton</include>
					<selected>!Skin.HasSetting(no_movie_genres)</selected>
					<onclick>Skin.ToggleSetting(no_movie_genres)</onclick>
					<visible>Skin.HasSetting(slot1_show_movies) | Skin.HasSetting(slot2_show_movies) | Skin.HasSetting(slot3_show_movies) | Skin.HasSetting(slot4_show_movies) | Skin.HasSetting(slot5_show_movies) | Skin.HasSetting(slot6_show_movies) | Skin.HasSetting(slot7_show_movies) | Skin.HasSetting(slot8_show_movies) | Skin.HasSetting(slot9_show_movies) | Skin.HasSetting(slot10_show_movies) | Skin.HasSetting(slot11_show_movies) | Skin.HasSetting(slot12_show_movies)</visible>
				</control>
				<control type="radiobutton" id="8016">
					<label>- $LOCALIZE[31075]</label>
					<include>DefaultSettingButton</include>
					<selected>!Skin.HasSetting(no_movie_sets)</selected>
					<onclick>Skin.ToggleSetting(no_movie_sets)</onclick>
					<visible>Skin.HasSetting(slot1_show_movies) | Skin.HasSetting(slot2_show_movies) | Skin.HasSetting(slot3_show_movies) | Skin.HasSetting(slot4_show_movies) | Skin.HasSetting(slot5_show_movies) | Skin.HasSetting(slot6_show_movies) | Skin.HasSetting(slot7_show_movies) | Skin.HasSetting(slot8_show_movies) | Skin.HasSetting(slot9_show_movies) | Skin.HasSetting(slot10_show_movies) | Skin.HasSetting(slot11_show_movies) | Skin.HasSetting(slot12_show_movies)</visible>
				</control>				
				<control type="button" id="802">
					<label>$LOCALIZE[20343]</label>
					<include>DefaultSettingButton</include>
					<visible>Skin.HasSetting(slot1_show_tvshows) | Skin.HasSetting(slot2_show_tvshows) | Skin.HasSetting(slot3_show_tvshows) | Skin.HasSetting(slot4_show_tvshows) | Skin.HasSetting(slot5_show_tvshows) | Skin.HasSetting(slot6_show_tvshows) | Skin.HasSetting(slot7_show_tvshows) | Skin.HasSetting(slot8_show_tvshows) | Skin.HasSetting(slot9_show_tvshows) | Skin.HasSetting(slot10_show_tvshows) | Skin.HasSetting(slot11_show_tvshows) | Skin.HasSetting(slot12_show_tvshows)</visible>
				</control>
				<control type="button" id="8020">
					<label>- $LOCALIZE[31148]</label>
					<include>DefaultSettingButton</include>
					<onclick>Skin.SelectBool(31148, 602|tvshow_categories_standard, 536|tvshow_categories_icons, 351|tvshow_categories_none)</onclick>
					<label2>$VAR[TVShowCategoriesLabel2Var]</label2>
					<visible>Skin.HasSetting(slot1_show_tvshows) | Skin.HasSetting(slot2_show_tvshows) | Skin.HasSetting(slot3_show_tvshows) | Skin.HasSetting(slot4_show_tvshows) | Skin.HasSetting(slot5_show_tvshows) | Skin.HasSetting(slot6_show_tvshows) | Skin.HasSetting(slot7_show_tvshows) | Skin.HasSetting(slot8_show_tvshows) | Skin.HasSetting(slot9_show_tvshows) | Skin.HasSetting(slot10_show_tvshows) | Skin.HasSetting(slot11_show_tvshows) | Skin.HasSetting(slot12_show_tvshows)</visible>
				</control>
				<control type="button" id="8027">
					<label>-- $LOCALIZE[31157]</label>
					<include>DefaultSettingButton</include>
					<onclick condition="System.HasAddon(plugin.library.node.editor)">ActivateWindow(programs,plugin://plugin.library.node.editor/?ltype=video,return)</onclick>
					<onclick condition="!System.HasAddon(plugin.library.node.editor)">InstallAddon(plugin.library.node.editor)</onclick>
					<visible>Skin.HasSetting(slot1_show_tvshows) | Skin.HasSetting(slot2_show_tvshows) | Skin.HasSetting(slot3_show_tvshows) | Skin.HasSetting(slot4_show_tvshows) | Skin.HasSetting(slot5_show_tvshows) | Skin.HasSetting(slot6_show_tvshows) | Skin.HasSetting(slot7_show_tvshows) | Skin.HasSetting(slot8_show_tvshows) | Skin.HasSetting(slot9_show_tvshows) | Skin.HasSetting(slot10_show_tvshows) | Skin.HasSetting(slot11_show_tvshows) | Skin.HasSetting(slot12_show_tvshows)</visible>
				</control>
				<control type="radiobutton" id="8021">
					<label>- $LOCALIZE[626]</label>
					<include>DefaultSettingButton</include>
					<selected>!Skin.HasSetting(no_tv_inprogress)</selected>
					<onclick>Skin.ToggleSetting(no_tv_inprogress)</onclick>
					<visible>Skin.HasSetting(slot1_show_tvshows) | Skin.HasSetting(slot2_show_tvshows) | Skin.HasSetting(slot3_show_tvshows) | Skin.HasSetting(slot4_show_tvshows) | Skin.HasSetting(slot5_show_tvshows) | Skin.HasSetting(slot6_show_tvshows) | Skin.HasSetting(slot7_show_tvshows) | Skin.HasSetting(slot8_show_tvshows) | Skin.HasSetting(slot9_show_tvshows) | Skin.HasSetting(slot10_show_tvshows) | Skin.HasSetting(slot11_show_tvshows) | Skin.HasSetting(slot12_show_tvshows)</visible>
				</control>
				<control type="radiobutton" id="8022">
					<label>- $LOCALIZE[20387]</label>
					<include>DefaultSettingButton</include>
					<selected>!Skin.HasSetting(no_tv_recent)</selected>
					<onclick>Skin.ToggleSetting(no_tv_recent)</onclick>
					<visible>Skin.HasSetting(slot1_show_tvshows) | Skin.HasSetting(slot2_show_tvshows) | Skin.HasSetting(slot3_show_tvshows) | Skin.HasSetting(slot4_show_tvshows) | Skin.HasSetting(slot5_show_tvshows) | Skin.HasSetting(slot6_show_tvshows) | Skin.HasSetting(slot7_show_tvshows) | Skin.HasSetting(slot8_show_tvshows) | Skin.HasSetting(slot9_show_tvshows) | Skin.HasSetting(slot10_show_tvshows) | Skin.HasSetting(slot11_show_tvshows) | Skin.HasSetting(slot12_show_tvshows)</visible>
				</control>
				<control type="radiobutton" id="8023">
					<label>- $LOCALIZE[31122]</label>
					<include>DefaultSettingButton</include>
					<selected>!Skin.HasSetting(no_tv_unwatched)</selected>
					<onclick>Skin.ToggleSetting(no_tv_unwatched)</onclick>
					<visible>Skin.HasSetting(slot1_show_tvshows) | Skin.HasSetting(slot2_show_tvshows) | Skin.HasSetting(slot3_show_tvshows) | Skin.HasSetting(slot4_show_tvshows) | Skin.HasSetting(slot5_show_tvshows) | Skin.HasSetting(slot6_show_tvshows) | Skin.HasSetting(slot7_show_tvshows) | Skin.HasSetting(slot8_show_tvshows) | Skin.HasSetting(slot9_show_tvshows) | Skin.HasSetting(slot10_show_tvshows) | Skin.HasSetting(slot11_show_tvshows) | Skin.HasSetting(slot12_show_tvshows)</visible>
				</control>
				<control type="radiobutton" id="8024">
					<label>- $LOCALIZE[31122] / $LOCALIZE[626]</label>
					<include>DefaultSettingButton</include>
					<selected>Skin.HasSetting(tv_unwatched_inprogress)</selected>
					<onclick>Skin.ToggleSetting(tv_unwatched_inprogress)</onclick>
					<visible>Skin.HasSetting(slot1_show_tvshows) | Skin.HasSetting(slot2_show_tvshows) | Skin.HasSetting(slot3_show_tvshows) | Skin.HasSetting(slot4_show_tvshows) | Skin.HasSetting(slot5_show_tvshows) | Skin.HasSetting(slot6_show_tvshows) | Skin.HasSetting(slot7_show_tvshows) | Skin.HasSetting(slot8_show_tvshows) | Skin.HasSetting(slot9_show_tvshows) | Skin.HasSetting(slot10_show_tvshows) | Skin.HasSetting(slot11_show_tvshows) | Skin.HasSetting(slot12_show_tvshows)</visible>
				</control>
				<control type="radiobutton" id="8025">
					<label>- $LOCALIZE[135]</label>
					<include>DefaultSettingButton</include>
					<selected>!Skin.HasSetting(no_tv_genres)</selected>
					<onclick>Skin.ToggleSetting(no_tv_genres)</onclick>
					<visible>Skin.HasSetting(slot1_show_tvshows) | Skin.HasSetting(slot2_show_tvshows) | Skin.HasSetting(slot3_show_tvshows) | Skin.HasSetting(slot4_show_tvshows) | Skin.HasSetting(slot5_show_tvshows) | Skin.HasSetting(slot6_show_tvshows) | Skin.HasSetting(slot7_show_tvshows) | Skin.HasSetting(slot8_show_tvshows) | Skin.HasSetting(slot9_show_tvshows) | Skin.HasSetting(slot10_show_tvshows) | Skin.HasSetting(slot11_show_tvshows) | Skin.HasSetting(slot12_show_tvshows)</visible>
				</control>
				<control type="radiobutton" id="8026">
					<label>- $LOCALIZE[20388]</label>
					<include>DefaultSettingButton</include>
					<selected>!Skin.HasSetting(no_tv_studios)</selected>
					<onclick>Skin.ToggleSetting(no_tv_studios)</onclick>
					<visible>Skin.HasSetting(slot1_show_tvshows) | Skin.HasSetting(slot2_show_tvshows) | Skin.HasSetting(slot3_show_tvshows) | Skin.HasSetting(slot4_show_tvshows) | Skin.HasSetting(slot5_show_tvshows) | Skin.HasSetting(slot6_show_tvshows) | Skin.HasSetting(slot7_show_tvshows) | Skin.HasSetting(slot8_show_tvshows) | Skin.HasSetting(slot9_show_tvshows) | Skin.HasSetting(slot10_show_tvshows) | Skin.HasSetting(slot11_show_tvshows) | Skin.HasSetting(slot12_show_tvshows)</visible>
				</control>
				<control type="button" id="803">
					<label>$LOCALIZE[2]</label>
					<include>DefaultSettingButton</include>
					<visible>Skin.HasSetting(slot1_show_music) | Skin.HasSetting(slot2_show_music) | Skin.HasSetting(slot3_show_music) | Skin.HasSetting(slot4_show_music) | Skin.HasSetting(slot5_show_music) | Skin.HasSetting(slot6_show_music) | Skin.HasSetting(slot7_show_music) | Skin.HasSetting(slot8_show_music) | Skin.HasSetting(slot9_show_music) | Skin.HasSetting(slot10_show_music) | Skin.HasSetting(slot11_show_music) | Skin.HasSetting(slot12_show_music)</visible>
				</control>
				<control type="button" id="8030">
					<label>- $LOCALIZE[31148]</label>
					<include>DefaultSettingButton</include>
					<onclick>Skin.SelectBool(31148, 602|music_categories_standard, 536|music_categories_icons, 351|music_categories_none)</onclick>
					<label2>$VAR[MusicCategoriesLabel2Var]</label2>
					<visible>Skin.HasSetting(slot1_show_music) | Skin.HasSetting(slot2_show_music) | Skin.HasSetting(slot3_show_music) | Skin.HasSetting(slot4_show_music) | Skin.HasSetting(slot5_show_music) | Skin.HasSetting(slot6_show_music) | Skin.HasSetting(slot7_show_music) | Skin.HasSetting(slot8_show_music) | Skin.HasSetting(slot9_show_music) | Skin.HasSetting(slot10_show_music) | Skin.HasSetting(slot11_show_music) | Skin.HasSetting(slot12_show_music)</visible>
				</control>
				<control type="button" id="8037">
					<label>-- $LOCALIZE[31157]</label>
					<include>DefaultSettingButton</include>
					<onclick condition="System.HasAddon(plugin.library.node.editor)">ActivateWindow(programs,plugin://plugin.library.node.editor/?ltype=music,return)</onclick>
					<onclick condition="!System.HasAddon(plugin.library.node.editor)">InstallAddon(plugin.library.node.editor)</onclick>
					<visible>Skin.HasSetting(slot1_show_music) | Skin.HasSetting(slot2_show_music) | Skin.HasSetting(slot3_show_music) | Skin.HasSetting(slot4_show_music) | Skin.HasSetting(slot5_show_music) | Skin.HasSetting(slot6_show_music) | Skin.HasSetting(slot7_show_music) | Skin.HasSetting(slot8_show_music) | Skin.HasSetting(slot9_show_music) | Skin.HasSetting(slot10_show_music) | Skin.HasSetting(slot11_show_music) | Skin.HasSetting(slot12_show_music)</visible>
				</control>
				<control type="radiobutton" id="8031">
					<label>- $LOCALIZE[517]</label>
					<include>DefaultSettingButton</include>
					<selected>!Skin.HasSetting(no_music_recentlyplayed)</selected>
					<onclick>Skin.ToggleSetting(no_music_recentlyplayed)</onclick>
					<visible>Skin.HasSetting(slot1_show_music) | Skin.HasSetting(slot2_show_music) | Skin.HasSetting(slot3_show_music) | Skin.HasSetting(slot4_show_music) | Skin.HasSetting(slot5_show_music) | Skin.HasSetting(slot6_show_music) | Skin.HasSetting(slot7_show_music) | Skin.HasSetting(slot8_show_music) | Skin.HasSetting(slot9_show_music) | Skin.HasSetting(slot10_show_music) | Skin.HasSetting(slot11_show_music) | Skin.HasSetting(slot12_show_music)</visible>
				</control>
				<control type="radiobutton" id="8032">
					<label>- $LOCALIZE[359]</label>
					<include>DefaultSettingButton</include>
					<selected>!Skin.HasSetting(no_music_recentlyadded)</selected>
					<onclick>Skin.ToggleSetting(no_music_recentlyadded)</onclick>
					<visible>Skin.HasSetting(slot1_show_music) | Skin.HasSetting(slot2_show_music) | Skin.HasSetting(slot3_show_music) | Skin.HasSetting(slot4_show_music) | Skin.HasSetting(slot5_show_music) | Skin.HasSetting(slot6_show_music) | Skin.HasSetting(slot7_show_music) | Skin.HasSetting(slot8_show_music) | Skin.HasSetting(slot9_show_music) | Skin.HasSetting(slot10_show_music) | Skin.HasSetting(slot11_show_music) | Skin.HasSetting(slot12_show_music)</visible>
				</control>
				<control type="radiobutton" id="8033">
					<label>- $LOCALIZE[31012]</label>
					<include>DefaultSettingButton</include>
					<selected>!Skin.HasSetting(no_music_randomalbums)</selected>
					<onclick>Skin.ToggleSetting(no_music_randomalbums)</onclick>
					<visible>Skin.HasSetting(slot1_show_music) | Skin.HasSetting(slot2_show_music) | Skin.HasSetting(slot3_show_music) | Skin.HasSetting(slot4_show_music) | Skin.HasSetting(slot5_show_music) | Skin.HasSetting(slot6_show_music) | Skin.HasSetting(slot7_show_music) | Skin.HasSetting(slot8_show_music) | Skin.HasSetting(slot9_show_music) | Skin.HasSetting(slot10_show_music) | Skin.HasSetting(slot11_show_music) | Skin.HasSetting(slot12_show_music)</visible>
				</control>
				<control type="radiobutton" id="8034">
					<label>- $LOCALIZE[31013]</label>
					<include>DefaultSettingButton</include>
					<selected>!Skin.HasSetting(no_music_randomartists)</selected>
					<onclick>Skin.ToggleSetting(no_music_randomartists)</onclick>
					<visible>Skin.HasSetting(slot1_show_music) | Skin.HasSetting(slot2_show_music) | Skin.HasSetting(slot3_show_music) | Skin.HasSetting(slot4_show_music) | Skin.HasSetting(slot5_show_music) | Skin.HasSetting(slot6_show_music) | Skin.HasSetting(slot7_show_music) | Skin.HasSetting(slot8_show_music) | Skin.HasSetting(slot9_show_music) | Skin.HasSetting(slot10_show_music) | Skin.HasSetting(slot11_show_music) | Skin.HasSetting(slot12_show_music)</visible>
				</control>
				<control type="radiobutton" id="8035">
					<label>- $LOCALIZE[31014]</label>
					<include>DefaultSettingButton</include>
					<selected>!Skin.HasSetting(no_music_unplayed)</selected>
					<onclick>Skin.ToggleSetting(no_music_unplayed)</onclick>
					<visible>Skin.HasSetting(slot1_show_music) | Skin.HasSetting(slot2_show_music) | Skin.HasSetting(slot3_show_music) | Skin.HasSetting(slot4_show_music) | Skin.HasSetting(slot5_show_music) | Skin.HasSetting(slot6_show_music) | Skin.HasSetting(slot7_show_music) | Skin.HasSetting(slot8_show_music) | Skin.HasSetting(slot9_show_music) | Skin.HasSetting(slot10_show_music) | Skin.HasSetting(slot11_show_music) | Skin.HasSetting(slot12_show_music)</visible>
				</control>
				<control type="radiobutton" id="8036">
					<label>- $LOCALIZE[31011]</label>
					<include>DefaultSettingButton</include>
					<selected>!Skin.HasSetting(no_music_mostplayed)</selected>
					<onclick>Skin.ToggleSetting(no_music_mostplayed)</onclick>
					<visible>Skin.HasSetting(slot1_show_music) | Skin.HasSetting(slot2_show_music) | Skin.HasSetting(slot3_show_music) | Skin.HasSetting(slot4_show_music) | Skin.HasSetting(slot5_show_music) | Skin.HasSetting(slot6_show_music) | Skin.HasSetting(slot7_show_music) | Skin.HasSetting(slot8_show_music) | Skin.HasSetting(slot9_show_music) | Skin.HasSetting(slot10_show_music) | Skin.HasSetting(slot11_show_music) | Skin.HasSetting(slot12_show_music)</visible>
				</control>
				<control type="button" id="806">
					<label>20389</label>
					<include>DefaultSettingButton</include>
					<visible>Skin.HasSetting(slot1_show_musicvideos) | Skin.HasSetting(slot2_show_musicvideos) | Skin.HasSetting(slot3_show_musicvideos) | Skin.HasSetting(slot4_show_musicvideos) | Skin.HasSetting(slot5_show_musicvideos) | Skin.HasSetting(slot6_show_musicvideos) | Skin.HasSetting(slot7_show_musicvideos) | Skin.HasSetting(slot8_show_musicvideos) | Skin.HasSetting(slot9_show_musicvideos) | Skin.HasSetting(slot10_show_musicvideos) | Skin.HasSetting(slot11_show_musicvideos) | Skin.HasSetting(slot12_show_musicvideos)</visible>
				</control>
				<control type="button" id="8060">
					<label>- $LOCALIZE[31148]</label>
					<include>DefaultSettingButton</include>
					<onclick>Skin.SelectBool(31148, 602|musicvideo_categories_standard, 536|musicvideo_categories_icons, 351|musicvideo_categories_none)</onclick>
					<label2>$VAR[MusicVideoCategoriesLabel2Var]</label2>
					<visible>Skin.HasSetting(slot1_show_musicvideos) | Skin.HasSetting(slot2_show_musicvideos) | Skin.HasSetting(slot3_show_musicvideos) | Skin.HasSetting(slot4_show_musicvideos) | Skin.HasSetting(slot5_show_musicvideos) | Skin.HasSetting(slot6_show_musicvideos) | Skin.HasSetting(slot7_show_musicvideos) | Skin.HasSetting(slot8_show_musicvideos) | Skin.HasSetting(slot9_show_musicvideos) | Skin.HasSetting(slot10_show_musicvideos) | Skin.HasSetting(slot11_show_musicvideos) | Skin.HasSetting(slot12_show_musicvideos)</visible>
				</control>
				<control type="button" id="8066">
					<label>-- $LOCALIZE[31157]</label>
					<include>DefaultSettingButton</include>
					<onclick condition="System.HasAddon(plugin.library.node.editor)">ActivateWindow(programs,plugin://plugin.library.node.editor/?ltype=music,return)</onclick>
					<onclick condition="!System.HasAddon(plugin.library.node.editor)">InstallAddon(plugin.library.node.editor)</onclick>
					<visible>Skin.HasSetting(slot1_show_musicvideos) | Skin.HasSetting(slot2_show_musicvideos) | Skin.HasSetting(slot3_show_musicvideos) | Skin.HasSetting(slot4_show_musicvideos) | Skin.HasSetting(slot5_show_musicvideos) | Skin.HasSetting(slot6_show_musicvideos) | Skin.HasSetting(slot7_show_musicvideos) | Skin.HasSetting(slot8_show_musicvideos) | Skin.HasSetting(slot9_show_musicvideos) | Skin.HasSetting(slot10_show_musicvideos) | Skin.HasSetting(slot11_show_musicvideos) | Skin.HasSetting(slot12_show_musicvideos)</visible>
				</control>
				<control type="radiobutton" id="8061">
					<label>- $LOCALIZE[20390]</label>
					<include>DefaultSettingButton</include>
					<selected>!Skin.HasSetting(no_musicvideo_recent)</selected>
					<onclick>Skin.ToggleSetting(no_musicvideo_recent)</onclick>
					<visible>Skin.HasSetting(slot1_show_musicvideos) | Skin.HasSetting(slot2_show_musicvideos) | Skin.HasSetting(slot3_show_musicvideos) | Skin.HasSetting(slot4_show_musicvideos) | Skin.HasSetting(slot5_show_musicvideos) | Skin.HasSetting(slot6_show_musicvideos) | Skin.HasSetting(slot7_show_musicvideos) | Skin.HasSetting(slot8_show_musicvideos) | Skin.HasSetting(slot9_show_musicvideos) | Skin.HasSetting(slot10_show_musicvideos) | Skin.HasSetting(slot11_show_musicvideos) | Skin.HasSetting(slot12_show_musicvideos)</visible>
				</control>
				<control type="radiobutton" id="8062">
					<label>- $LOCALIZE[31151]</label>
					<include>DefaultSettingButton</include>
					<selected>!Skin.HasSetting(no_musicvideo_unwatched)</selected>
					<onclick>Skin.ToggleSetting(no_musicvideo_unwatched)</onclick>
					<visible>Skin.HasSetting(slot1_show_musicvideos) | Skin.HasSetting(slot2_show_musicvideos) | Skin.HasSetting(slot3_show_musicvideos) | Skin.HasSetting(slot4_show_musicvideos) | Skin.HasSetting(slot5_show_musicvideos) | Skin.HasSetting(slot6_show_musicvideos) | Skin.HasSetting(slot7_show_musicvideos) | Skin.HasSetting(slot8_show_musicvideos) | Skin.HasSetting(slot9_show_musicvideos) | Skin.HasSetting(slot10_show_musicvideos) | Skin.HasSetting(slot11_show_musicvideos) | Skin.HasSetting(slot12_show_musicvideos)</visible>
				</control>
				<control type="radiobutton" id="8063">
					<label>- $LOCALIZE[31013]</label>
					<include>DefaultSettingButton</include>
					<selected>!Skin.HasSetting(no_mvartist_random)</selected>
					<onclick>Skin.ToggleSetting(no_mvartist_random)</onclick>
					<visible>Skin.HasSetting(slot1_show_musicvideos) | Skin.HasSetting(slot2_show_musicvideos) | Skin.HasSetting(slot3_show_musicvideos) | Skin.HasSetting(slot4_show_musicvideos) | Skin.HasSetting(slot5_show_musicvideos) | Skin.HasSetting(slot6_show_musicvideos) | Skin.HasSetting(slot7_show_musicvideos) | Skin.HasSetting(slot8_show_musicvideos) | Skin.HasSetting(slot9_show_musicvideos) | Skin.HasSetting(slot10_show_musicvideos) | Skin.HasSetting(slot11_show_musicvideos) | Skin.HasSetting(slot12_show_musicvideos)</visible>
				</control>
				<control type="radiobutton" id="8064">
					<label>- $LOCALIZE[31152]</label>
					<include>DefaultSettingButton</include>
					<selected>!Skin.HasSetting(no_musicvideo_random)</selected>
					<onclick>Skin.ToggleSetting(no_musicvideo_random)</onclick>
					<visible>Skin.HasSetting(slot1_show_musicvideos) | Skin.HasSetting(slot2_show_musicvideos) | Skin.HasSetting(slot3_show_musicvideos) | Skin.HasSetting(slot4_show_musicvideos) | Skin.HasSetting(slot5_show_musicvideos) | Skin.HasSetting(slot6_show_musicvideos) | Skin.HasSetting(slot7_show_musicvideos) | Skin.HasSetting(slot8_show_musicvideos) | Skin.HasSetting(slot9_show_musicvideos) | Skin.HasSetting(slot10_show_musicvideos) | Skin.HasSetting(slot11_show_musicvideos) | Skin.HasSetting(slot12_show_musicvideos)</visible>
				</control>
				<control type="radiobutton" id="8065">
					<label>- $LOCALIZE[20388]</label>
					<include>DefaultSettingButton</include>
					<selected>!Skin.HasSetting(no_musicvideo_studio)</selected>
					<onclick>Skin.ToggleSetting(no_musicvideo_studio)</onclick>
					<visible>Skin.HasSetting(slot1_show_musicvideos) | Skin.HasSetting(slot2_show_musicvideos) | Skin.HasSetting(slot3_show_musicvideos) | Skin.HasSetting(slot4_show_musicvideos) | Skin.HasSetting(slot5_show_musicvideos) | Skin.HasSetting(slot6_show_musicvideos) | Skin.HasSetting(slot7_show_musicvideos) | Skin.HasSetting(slot8_show_musicvideos) | Skin.HasSetting(slot9_show_musicvideos) | Skin.HasSetting(slot10_show_musicvideos) | Skin.HasSetting(slot11_show_musicvideos) | Skin.HasSetting(slot12_show_musicvideos)</visible>
				</control>
				<control type="button" id="804">
					<label>$LOCALIZE[19020]</label>
					<include>DefaultSettingButton</include>
					<visible>Skin.HasSetting(slot1_show_tv) | Skin.HasSetting(slot2_show_tv) | Skin.HasSetting(slot3_show_tv) | Skin.HasSetting(slot4_show_tv) | Skin.HasSetting(slot5_show_tv) | Skin.HasSetting(slot6_show_tv) | Skin.HasSetting(slot7_show_tv) | Skin.HasSetting(slot8_show_tv) | Skin.HasSetting(slot9_show_tv) | Skin.HasSetting(slot10_show_tv) | Skin.HasSetting(slot11_show_tv) | Skin.HasSetting(slot12_show_tv)</visible>
				</control>
				<control type="button" id="8040">
					<label>- $LOCALIZE[31148]</label>
					<include>DefaultSettingButton</include>
					<onclick>Skin.SelectBool(31148, 602|tv_categories_standard, 536|tv_categories_icons, 351|tv_categories_none)</onclick>
					<label2>$VAR[TVCategoriesLabel2Var]</label2>
					<visible>Skin.HasSetting(slot1_show_tv) | Skin.HasSetting(slot2_show_tv) | Skin.HasSetting(slot3_show_tv) | Skin.HasSetting(slot4_show_tv) | Skin.HasSetting(slot5_show_tv) | Skin.HasSetting(slot6_show_tv) | Skin.HasSetting(slot7_show_tv) | Skin.HasSetting(slot8_show_tv) | Skin.HasSetting(slot9_show_tv) | Skin.HasSetting(slot10_show_tv) | Skin.HasSetting(slot11_show_tv) | Skin.HasSetting(slot12_show_tv)</visible>
				</control>
				<control type="radiobutton" id="8041">
					<label>- $LOCALIZE[31016]</label>
					<include>DefaultSettingButton</include>
					<selected>!Skin.HasSetting(no_pvr_channels)</selected>
					<onclick>Skin.ToggleSetting(no_pvr_channels)</onclick>
					<visible>Skin.HasSetting(slot1_show_tv) | Skin.HasSetting(slot2_show_tv) | Skin.HasSetting(slot3_show_tv) | Skin.HasSetting(slot4_show_tv) | Skin.HasSetting(slot5_show_tv) | Skin.HasSetting(slot6_show_tv) | Skin.HasSetting(slot7_show_tv) | Skin.HasSetting(slot8_show_tv) | Skin.HasSetting(slot9_show_tv) | Skin.HasSetting(slot10_show_tv) | Skin.HasSetting(slot11_show_tv) | Skin.HasSetting(slot12_show_tv)</visible>
				</control>
				<control type="radiobutton" id="8042">
					<label>- $LOCALIZE[31015]</label>
					<include>DefaultSettingButton</include>
					<selected>!Skin.HasSetting(no_pvr_recordings)</selected>
					<onclick>Skin.ToggleSetting(no_pvr_recordings)</onclick>
					<visible>Skin.HasSetting(slot1_show_tv) | Skin.HasSetting(slot2_show_tv) | Skin.HasSetting(slot3_show_tv) | Skin.HasSetting(slot4_show_tv) | Skin.HasSetting(slot5_show_tv) | Skin.HasSetting(slot6_show_tv) | Skin.HasSetting(slot7_show_tv) | Skin.HasSetting(slot8_show_tv) | Skin.HasSetting(slot9_show_tv) | Skin.HasSetting(slot10_show_tv) | Skin.HasSetting(slot11_show_tv) | Skin.HasSetting(slot12_show_tv)</visible>
				</control>
				<control type="button" id="807">
					<label>$LOCALIZE[19021]</label>
					<include>DefaultSettingButton</include>
					<visible>Skin.HasSetting(slot1_show_radio) | Skin.HasSetting(slot2_show_radio) | Skin.HasSetting(slot3_show_radio) | Skin.HasSetting(slot4_show_radio) | Skin.HasSetting(slot5_show_radio) | Skin.HasSetting(slot6_show_radio) | Skin.HasSetting(slot7_show_radio) | Skin.HasSetting(slot8_show_radio) | Skin.HasSetting(slot9_show_radio) | Skin.HasSetting(slot10_show_radio) | Skin.HasSetting(slot11_show_radio) | Skin.HasSetting(slot12_show_radio)</visible>
				</control>
				<control type="button" id="8070">
					<label>- $LOCALIZE[31148]</label>
					<include>DefaultSettingButton</include>
					<onclick>Skin.SelectBool(31148, 602|radio_categories_standard, 536|radio_categories_icons, 351|radio_categories_none)</onclick>
					<label2>$VAR[RadioCategoriesLabel2Var]</label2>
					<visible>Skin.HasSetting(slot1_show_radio) | Skin.HasSetting(slot2_show_radio) | Skin.HasSetting(slot3_show_radio) | Skin.HasSetting(slot4_show_radio) | Skin.HasSetting(slot5_show_radio) | Skin.HasSetting(slot6_show_radio) | Skin.HasSetting(slot7_show_radio) | Skin.HasSetting(slot8_show_radio) | Skin.HasSetting(slot9_show_radio) | Skin.HasSetting(slot10_show_radio) | Skin.HasSetting(slot11_show_radio) | Skin.HasSetting(slot12_show_radio)</visible>
				</control>
				<control type="radiobutton" id="8071">
					<label>- $LOCALIZE[31016]</label>
					<include>DefaultSettingButton</include>
					<selected>!Skin.HasSetting(no_radio_channels)</selected>
					<onclick>Skin.ToggleSetting(no_radio_channels)</onclick>
					<visible>Skin.HasSetting(slot1_show_radio) | Skin.HasSetting(slot2_show_radio) | Skin.HasSetting(slot3_show_radio) | Skin.HasSetting(slot4_show_radio) | Skin.HasSetting(slot5_show_radio) | Skin.HasSetting(slot6_show_radio) | Skin.HasSetting(slot7_show_radio) | Skin.HasSetting(slot8_show_radio) | Skin.HasSetting(slot9_show_radio) | Skin.HasSetting(slot10_show_radio) | Skin.HasSetting(slot11_show_radio) | Skin.HasSetting(slot12_show_radio)</visible>
				</control>
				<control type="radiobutton" id="8072">
					<label>- $LOCALIZE[31015]</label>
					<include>DefaultSettingButton</include>
					<selected>!Skin.HasSetting(no_radio_recordings)</selected>
					<onclick>Skin.ToggleSetting(no_radio_recordings)</onclick>
					<visible>Skin.HasSetting(slot1_show_radio) | Skin.HasSetting(slot2_show_radio) | Skin.HasSetting(slot3_show_radio) | Skin.HasSetting(slot4_show_radio) | Skin.HasSetting(slot5_show_radio) | Skin.HasSetting(slot6_show_radio) | Skin.HasSetting(slot7_show_radio) | Skin.HasSetting(slot8_show_radio) | Skin.HasSetting(slot9_show_radio) | Skin.HasSetting(slot10_show_radio) | Skin.HasSetting(slot11_show_radio) | Skin.HasSetting(slot12_show_radio)</visible>
				</control>
				<control type="button" id="808">
					<label>$LOCALIZE[10821]</label>
					<include>DefaultSettingButton</include>
					<visible>Skin.HasSetting(slot1_show_games) | Skin.HasSetting(slot2_show_games) | Skin.HasSetting(slot3_show_games) | Skin.HasSetting(slot4_show_games) | Skin.HasSetting(slot5_show_games) | Skin.HasSetting(slot6_show_games) | Skin.HasSetting(slot7_show_games) | Skin.HasSetting(slot8_show_games) | Skin.HasSetting(slot9_show_games) | Skin.HasSetting(slot10_show_games) | Skin.HasSetting(slot11_show_games) | Skin.HasSetting(slot12_show_games)</visible>
				</control>				
				<control type="radiobutton" id="8081">
					<label>- $LOCALIZE[35049]</label>
					<include>DefaultSettingButton</include>
					<selected>!Skin.HasSetting(no_games)</selected>
					<onclick>Skin.ToggleSetting(no_games)</onclick>
					<visible>Skin.HasSetting(slot1_show_games) | Skin.HasSetting(slot2_show_games) | Skin.HasSetting(slot3_show_games) | Skin.HasSetting(slot4_show_games) | Skin.HasSetting(slot5_show_games) | Skin.HasSetting(slot6_show_games) | Skin.HasSetting(slot7_show_games) | Skin.HasSetting(slot8_show_games) | Skin.HasSetting(slot9_show_games) | Skin.HasSetting(slot10_show_games) | Skin.HasSetting(slot11_show_games) | Skin.HasSetting(slot12_show_games)</visible>
				</control>
				<control type="button" id="805">
					<label>$LOCALIZE[24000]</label>
					<include>DefaultSettingButton</include>
					<visible>Skin.HasSetting(slot1_show_addons) | Skin.HasSetting(slot2_show_addons) | Skin.HasSetting(slot3_show_addons) | Skin.HasSetting(slot4_show_addons) | Skin.HasSetting(slot5_show_addons) | Skin.HasSetting(slot6_show_addons) | Skin.HasSetting(slot7_show_addons) | Skin.HasSetting(slot8_show_addons) | Skin.HasSetting(slot9_show_addons) | Skin.HasSetting(slot10_show_addons) | Skin.HasSetting(slot11_show_addons) | Skin.HasSetting(slot12_show_addons)</visible>
				</control>
				<control type="button" id="8050">
					<label>- $LOCALIZE[31148]</label>
					<include>DefaultSettingButton</include>
					<onclick>Skin.SelectBool(31148, 602|addon_categories_standard, 536|addon_categories_icons, 351|addon_categories_none)</onclick>
					<label2>$VAR[AddonCategoriesLabel2Var]</label2>
					<visible>Skin.HasSetting(slot1_show_addons) | Skin.HasSetting(slot2_show_addons) | Skin.HasSetting(slot3_show_addons) | Skin.HasSetting(slot4_show_addons) | Skin.HasSetting(slot5_show_addons) | Skin.HasSetting(slot6_show_addons) | Skin.HasSetting(slot7_show_addons) | Skin.HasSetting(slot8_show_addons) | Skin.HasSetting(slot9_show_addons) | Skin.HasSetting(slot10_show_addons) | Skin.HasSetting(slot11_show_addons) | Skin.HasSetting(slot12_show_addons)</visible>
				</control>
				<control type="radiobutton" id="8051">
					<label>- $LOCALIZE[1037]</label>
					<include>DefaultSettingButton</include>
					<selected>!Skin.HasSetting(no_addon_video)</selected>
					<onclick>Skin.ToggleSetting(no_addon_video)</onclick>
					<visible>Skin.HasSetting(slot1_show_addons) | Skin.HasSetting(slot2_show_addons) | Skin.HasSetting(slot3_show_addons) | Skin.HasSetting(slot4_show_addons) | Skin.HasSetting(slot5_show_addons) | Skin.HasSetting(slot6_show_addons) | Skin.HasSetting(slot7_show_addons) | Skin.HasSetting(slot8_show_addons) | Skin.HasSetting(slot9_show_addons) | Skin.HasSetting(slot10_show_addons) | Skin.HasSetting(slot11_show_addons) | Skin.HasSetting(slot12_show_addons)</visible>
				</control>
				<control type="radiobutton" id="8052">
					<label>- $LOCALIZE[1038]</label>
					<include>DefaultSettingButton</include>
					<selected>!Skin.HasSetting(no_addon_audio)</selected>
					<onclick>Skin.ToggleSetting(no_addon_audio)</onclick>
					<visible>Skin.HasSetting(slot1_show_addons) | Skin.HasSetting(slot2_show_addons) | Skin.HasSetting(slot3_show_addons) | Skin.HasSetting(slot4_show_addons) | Skin.HasSetting(slot5_show_addons) | Skin.HasSetting(slot6_show_addons) | Skin.HasSetting(slot7_show_addons) | Skin.HasSetting(slot8_show_addons) | Skin.HasSetting(slot9_show_addons) | Skin.HasSetting(slot10_show_addons) | Skin.HasSetting(slot11_show_addons) | Skin.HasSetting(slot12_show_addons)</visible>
				</control>
				<control type="radiobutton" id="8053">
					<label>- $LOCALIZE[35049]</label>
					<include>DefaultSettingButton</include>
					<selected>!Skin.HasSetting(no_addon_games)</selected>
					<onclick>Skin.ToggleSetting(no_addon_games)</onclick>
					<visible>Skin.HasSetting(slot1_show_addons) | Skin.HasSetting(slot2_show_addons) | Skin.HasSetting(slot3_show_addons) | Skin.HasSetting(slot4_show_addons) | Skin.HasSetting(slot5_show_addons) | Skin.HasSetting(slot6_show_addons) | Skin.HasSetting(slot7_show_addons) | Skin.HasSetting(slot8_show_addons) | Skin.HasSetting(slot9_show_addons) | Skin.HasSetting(slot10_show_addons) | Skin.HasSetting(slot11_show_addons) | Skin.HasSetting(slot12_show_addons)</visible>
				</control>
				<control type="radiobutton" id="8054">
					<label>- $LOCALIZE[1043]</label>
					<include>DefaultSettingButton</include>
					<selected>!Skin.HasSetting(no_addon_program)</selected>
					<onclick>Skin.ToggleSetting(no_addon_program)</onclick>
					<visible>Skin.HasSetting(slot1_show_addons) | Skin.HasSetting(slot2_show_addons) | Skin.HasSetting(slot3_show_addons) | Skin.HasSetting(slot4_show_addons) | Skin.HasSetting(slot5_show_addons) | Skin.HasSetting(slot6_show_addons) | Skin.HasSetting(slot7_show_addons) | Skin.HasSetting(slot8_show_addons) | Skin.HasSetting(slot9_show_addons) | Skin.HasSetting(slot10_show_addons) | Skin.HasSetting(slot11_show_addons) | Skin.HasSetting(slot12_show_addons)</visible>
				</control>
				<control type="radiobutton" id="8055">
					<label>- $LOCALIZE[20244]</label>
					<include>DefaultSettingButton</include>
					<selected>!Skin.HasSetting(no_addon_android)</selected>
					<onclick>Skin.ToggleSetting(no_addon_android)</onclick>
					<visible>System.Platform.Android + [Skin.HasSetting(slot1_show_addons) | Skin.HasSetting(slot2_show_addons) | Skin.HasSetting(slot3_show_addons) | Skin.HasSetting(slot4_show_addons) | Skin.HasSetting(slot5_show_addons) | Skin.HasSetting(slot6_show_addons) | Skin.HasSetting(slot7_show_addons) | Skin.HasSetting(slot8_show_addons) | Skin.HasSetting(slot9_show_addons) | Skin.HasSetting(slot10_show_addons) | Skin.HasSetting(slot11_show_addons) | Skin.HasSetting(slot12_show_addons)]</visible>
				</control>
				<control type="radiobutton" id="8056">
					<label>- $LOCALIZE[1039]</label>
					<include>DefaultSettingButton</include>
					<selected>!Skin.HasSetting(no_addon_image)</selected>
					<onclick>Skin.ToggleSetting(no_addon_image)</onclick>
					<visible>Skin.HasSetting(slot1_show_addons) | Skin.HasSetting(slot2_show_addons) | Skin.HasSetting(slot3_show_addons) | Skin.HasSetting(slot4_show_addons) | Skin.HasSetting(slot5_show_addons) | Skin.HasSetting(slot6_show_addons) | Skin.HasSetting(slot7_show_addons) | Skin.HasSetting(slot8_show_addons) | Skin.HasSetting(slot9_show_addons) | Skin.HasSetting(slot10_show_addons) | Skin.HasSetting(slot11_show_addons) | Skin.HasSetting(slot12_show_addons)</visible>
				</control>
				<control type="button" id="809">
					<label>$LOCALIZE[1]</label>
					<include>DefaultSettingButton</include>
					<visible>Skin.HasSetting(slot1_show_pictures) | Skin.HasSetting(slot2_show_pictures) | Skin.HasSetting(slot3_show_pictures) | Skin.HasSetting(slot4_show_pictures) | Skin.HasSetting(slot5_show_pictures) | Skin.HasSetting(slot6_show_pictures) | Skin.HasSetting(slot7_show_pictures) | Skin.HasSetting(slot8_show_pictures) | Skin.HasSetting(slot9_show_pictures) | Skin.HasSetting(slot10_show_pictures) | Skin.HasSetting(slot11_show_pictures) | Skin.HasSetting(slot12_show_pictures)</visible>
				</control>
				<control type="button" id="8090">
					<label>- $LOCALIZE[31148]</label>
					<include>DefaultSettingButton</include>
					<onclick>Skin.SelectBool(31148, 602|picture_categories_standard, 536|picture_categories_icons, 351|picture_categories_none)</onclick>
					<label2>$VAR[PictureCategoriesLabel2Var]</label2>
					<visible>Skin.HasSetting(slot1_show_pictures) | Skin.HasSetting(slot2_show_pictures) | Skin.HasSetting(slot3_show_pictures) | Skin.HasSetting(slot4_show_pictures) | Skin.HasSetting(slot5_show_pictures) | Skin.HasSetting(slot6_show_pictures) | Skin.HasSetting(slot7_show_pictures) | Skin.HasSetting(slot8_show_pictures) | Skin.HasSetting(slot9_show_pictures) | Skin.HasSetting(slot10_show_pictures) | Skin.HasSetting(slot11_show_pictures) | Skin.HasSetting(slot12_show_pictures)</visible>
				</control>
				<control type="button" id="810">
					<label>$LOCALIZE[3]</label>
					<include>DefaultSettingButton</include>
					<visible>Skin.HasSetting(slot1_show_videos) | Skin.HasSetting(slot2_show_videos) | Skin.HasSetting(slot3_show_videos) | Skin.HasSetting(slot4_show_videos) | Skin.HasSetting(slot5_show_videos) | Skin.HasSetting(slot6_show_videos) | Skin.HasSetting(slot7_show_videos) | Skin.HasSetting(slot8_show_videos) | Skin.HasSetting(slot9_show_videos) | Skin.HasSetting(slot10_show_videos) | Skin.HasSetting(slot11_show_videos) | Skin.HasSetting(slot12_show_videos)</visible>
				</control>
				<control type="radiobutton" id="8100">
					<label>- $LOCALIZE[31148]</label>
					<include>DefaultSettingButton</include>
					<selected>!Skin.HasSetting(no_video_categories)</selected>
					<onclick>Skin.ToggleSetting(no_video_categories)</onclick>
					<visible>Skin.HasSetting(slot1_show_videos) | Skin.HasSetting(slot2_show_videos) | Skin.HasSetting(slot3_show_videos) | Skin.HasSetting(slot4_show_videos) | Skin.HasSetting(slot5_show_videos) | Skin.HasSetting(slot6_show_videos) | Skin.HasSetting(slot7_show_videos) | Skin.HasSetting(slot8_show_videos) | Skin.HasSetting(slot9_show_videos) | Skin.HasSetting(slot10_show_videos) | Skin.HasSetting(slot11_show_videos) | Skin.HasSetting(slot12_show_videos)</visible>
				</control>
				<control type="radiobutton" id="8101">
					<label>- $LOCALIZE[20094]</label>
					<include>DefaultSettingButton</include>
					<selected>!Skin.HasSetting(no_video_sources)</selected>
					<onclick>Skin.ToggleSetting(no_video_sources)</onclick>
					<visible>Skin.HasSetting(slot1_show_videos) | Skin.HasSetting(slot2_show_videos) | Skin.HasSetting(slot3_show_videos) | Skin.HasSetting(slot4_show_videos) | Skin.HasSetting(slot5_show_videos) | Skin.HasSetting(slot6_show_videos) | Skin.HasSetting(slot7_show_videos) | Skin.HasSetting(slot8_show_videos) | Skin.HasSetting(slot9_show_videos) | Skin.HasSetting(slot10_show_videos) | Skin.HasSetting(slot11_show_videos) | Skin.HasSetting(slot12_show_videos)</visible>
				</control>
				<control type="radiobutton" id="8103">
					<label>- $LOCALIZE[136]</label>
					<include>DefaultSettingButton</include>
					<selected>!Skin.HasSetting(no_video_playlists)</selected>
					<onclick>Skin.ToggleSetting(no_video_playlists)</onclick>
					<visible>Skin.HasSetting(slot1_show_videos) | Skin.HasSetting(slot2_show_videos) | Skin.HasSetting(slot3_show_videos) | Skin.HasSetting(slot4_show_videos) | Skin.HasSetting(slot5_show_videos) | Skin.HasSetting(slot6_show_videos) | Skin.HasSetting(slot7_show_videos) | Skin.HasSetting(slot8_show_videos) | Skin.HasSetting(slot9_show_videos) | Skin.HasSetting(slot10_show_videos) | Skin.HasSetting(slot11_show_videos) | Skin.HasSetting(slot12_show_videos)</visible>
				</control>
			</control>
			<control type="image">
				<description>Dialog Header image</description>
				<left>0</left>
				<top>160</top>
				<right>0</right>
				<height>3</height>
				<texture colordiffuse="button_focus" border="2">dialogs/separator-grey.png</texture>
			</control>
			<control type="image">
				<description>Dialog Header image</description>
				<left>0</left>
				<bottom>134</bottom>
				<right>0</right>
				<height>3</height>
				<texture colordiffuse="button_focus" border="2">dialogs/separator-grey.png</texture>
			</control>
		</control>
		<control type="group">
			<depth>DepthContentPanel</depth>
			<left>0</left>
			<include>OpenClose_Left</include>
			<include content="ContentPanel">
				<param name="width" value="530" />
			</include>
			<control type="list" id="9000">
				<description>button area</description>
				<left>0</left>
				<top>160</top>
				<width>470</width>
				<height>700</height>
				<onleft>10000</onleft>
				<onright>10000</onright>
				<onup>9000</onup>
				<ondown>9000</ondown>
				<itemlayout height="90" width="470">
					<control type="label">
						<textoffsetx>30</textoffsetx>
						<width>470</width>
						<height>90</height>
						<label>$INFO[ListItem.Label]</label>
						<font>font37</font>
						<aligny>center</aligny>
					</control>
				</itemlayout>
				<focusedlayout height="90" width="470">
					<control type="image">
						<width>470</width>
						<height>90</height>
						<texture colordiffuse="button_focus">lists/focus.png</texture>
						<animation effect="fade" start="100" end="50" time="40" condition="!Control.HasFocus(9000)">Conditional</animation>
					</control>
					<control type="label">
						<textoffsetx>30</textoffsetx>
						<width>470</width>
						<height>90</height>
						<font>font37</font>
						<aligny>center</aligny>
						<label>$INFO[ListItem.Label]</label>
					</control>
				</focusedlayout>
				<content>
					<item id="1">
						<label>$LOCALIZE[128]</label>
						<onclick>noop</onclick>
					</item>
					<item id="2">
						<label>$LOCALIZE[31061]</label>
						<onclick>noop</onclick>
					</item>
					<item id="3">
						<label>$LOCALIZE[31148]</label>
						<onclick>noop</onclick>
					</item>
					<item id="4">
						<label>$LOCALIZE[31159]</label>
						<onclick>noop</onclick>
					</item>
				</content>
			</control>
		</control>
		<control type="group">
			<right>0</right>
			<top>163</top>
			<bottom>137</bottom>
			<width>60</width>
			<control type="scrollbar" id="60">
				<right>0</right>
				<top>0</top>
				<bottom>0</bottom>
				<width>12</width>
				<orientation>vertical</orientation>
				<texturesliderbackground />
				<animation effect="slide" end="6,0" time="300" tween="sine" easing="inout" condition="!Control.HasFocus(60)">conditional</animation>
				<onleft>5</onleft>
				<onright>5</onright>
				<animation effect="fade" start="0" end="100" time="200" delay="300">Visible</animation>
				<animation effect="fade" start="100" end="0" time="200">Hidden</animation>
				<animation effect="fade" start="0" end="100" delay="300" time="320">WindowOpen</animation>
				<animation effect="fade" start="100" end="0" time="150">WindowClose</animation>
				<hitrect x="0" y="0" w="60" h="100%" />
				<visible>Control.IsVisible(610)</visible>
			</control>
		</control>
		<include content="TopBar">
			<param name="breadcrumbs_label" value="$LOCALIZE[5] / $LOCALIZE[20077]" />
		</include>
		<include>BottomBar</include>
		<control type="textbox" id="6">
			<include>OpenClose_Right</include>
			<description>description area</description>
			<left>510</left>
			<bottom>27</bottom>
			<width>1350</width>
			<height>100</height>
			<font>font12</font>
			<align>justify</align>
			<textcolor>button_focus</textcolor>
			<label>$VAR[SkinSettingsHelpTextVar]</label>
			<autoscroll time="3000" delay="5000" repeat="5000">true</autoscroll>
		</control>
	</controls>
</window>
