<?xml version="1.0" encoding="UTF-8"?>
<addon id="skin.estuary.leia.pkscout.mod" version="1.1.18" name="Estuary Leia Mod (pkscout)" provider-name="pkscout, phil65, Ichabod Fletchman">
	<requires>
		<import addon="xbmc.gui" version="5.14.0"/>
	</requires>
	<extension point="xbmc.gui.skin" debugging="false">
		<res width="1920" height="1440" aspect="4:3" default="false" folder="xml" />
		<res width="1920" height="1280" aspect="3:2" default="false" folder="xml" />
		<res width="1920" height="1200" aspect="16:10" default="false" folder="xml" />
		<res width="2040" height="1080" aspect="17:9" default="false" folder="xml" />
		<res width="1920" height="1080" aspect="16:9" default="true" folder="xml" />
		<res width="2560" height="1080" aspect="21:9" default="false" folder="xml" />
		<res width="2338" height="1080" aspect="19.5:9" default="false" folder="xml" />
		<res width="2160" height="1080" aspect="18:9" default="false" folder="xml" />
	</extension>
	<extension point="xbmc.addon.metadata">
		<news>
v.1.1.18
- fixes from Estuary 2.0.21 in Kodi 18.1 Final Release
		</news>
		<summary lang="en_GB">pkscout's mod to the Estuary skin by phil65.</summary>
		<description lang="en_GB">Various mods to Estuary, including Artist Slideshow support and ability to customize home screen and home screen widgets.</description>
		<disclaimer lang="en_GB">This mod is only lightly supported.</disclaimer>
		<platform>all</platform>
		<license>CC BY-SA 4.0, GNU GENERAL PUBLIC LICENSE Version 2.0</license>
		<forum>https://forum.kodi.tv/showthread.php?tid=333143</forum>
		<source>https://github.com/pkscout/skin.estuary.leia.pkscout.mod</source>
		<assets>
			<icon>resources/icon.png</icon>
			<fanart>resources/icon.jpg</fanart>
			<screenshot>resources/screenshot-20170506-01.jpg</screenshot>
			<screenshot>resources/screenshot-20170506-02.jpg</screenshot>
			<screenshot>resources/screenshot-20170506-03.jpg</screenshot>
			<screenshot>resources/screenshot-20170506-04.jpg</screenshot>
			<screenshot>resources/screenshot-20170506-05.jpg</screenshot>
		</assets>
	</extension>
</addon>
