<addon id="skin.arctic.zephyr.2.pkscout.mod" name="Arctic Zephyr 2 Mod (pkscout)" provider-name="jurialmunkey, pkscout" version="0.5.1">
    <requires>
        <import addon="xbmc.gui" version="5.14.0" />
        <import addon="script.skinshortcuts" version="0.4.0" />
        <import addon="script.image.resource.select" version="0.0.5" />
        <import addon="plugin.program.autocompletion" version="1.0.1" />
        <import addon="plugin.video.themoviedb.helper" version="1.0.0" />
        <import addon="resource.images.studios.white" version="0.0.10" />
        <import addon="resource.images.moviegenreicons.transparent" version="0.0.6" />
        <import addon="resource.images.weathericons.outline-hd" version="0.0.1" />
        <import addon="resource.images.weathericons.white" version="0.0.1" />
        <import addon="resource.images.moviecountryicons.maps" version="0.0.1" />
    </requires>
    <extension debugging="false" defaultthemename="Textures.xbt" effectslowdown="1" point="xbmc.gui.skin">
        <res aspect="16:9" default="true" folder="1080i" height="1080" width="1920" />
    </extension>
    <extension point="xbmc.addon.metadata">
    	<news>
0.5.1
- added option to allow artwork in empty parent directories
- added ability to rotate through PVR channel groups in PVR OSD Channel display using left/right
- bundled both PVR navigation enhancements into one setting
- fixed display bug where studio/language tags were displayed in two locations
- removed redundant mod for global fallback artwork image
    	</news>
        <summary lang="de">Klar, minimalistisch, elegant, einfach, leicht</summary>
        <summary lang="en">Clean, minimal, elegant, simple, light.</summary>
        <summary lang="en_AU">Clean, minimal, elegant, simple, light.</summary>
        <summary lang="en_US">Clean, minimal, elegant, simple, light.</summary>
        <summary lang="es">Limpio, minimalista, elegante, simple, ligero.</summary>
        <summary lang="fr">Clair, minimaliste, élégant, simple et léger.</summary>
        <summary lang="fr_CA">Net, minimal, élégant, simple, léger.</summary>
        <summary lang="it">Pulita, minimale, elegante, semplice, leggera.</summary>
        <summary lang="lt">Švari, minimali, elegantiška, paprasta, lengva.</summary>
        <summary lang="nl">Schoon, minimaal, elegant, simpel, licht.</summary>
        <summary lang="no">Rent, minimalt, elegant, enkelt, lett.</summary>
        <summary lang="pl">Prosta, minimalista, elegancka i lekka</summary>
        <summary lang="pt_BR">Limpa, simplista, elegante, leve.</summary>
        <summary lang="ro">Curat, minimalist, elegant, simplu, ușor</summary>
        <summary lang="ru">Опрятный, минималистичный, элегантный, простой, светлый.</summary>
        
        <description lang="en">This is a light mod of Arctic Zephyr 2 by pkscout. Arctic Zephyr 2 is a minimalistic skin created by jurialmunkey. The skin is designed to be simple so that the user can focus on their media content. In addition to the default light colour scheme, the skin also includes a number of darker variations.</description>
        <platform>all</platform>
        <license>Creative Commons Attribution Non-Commercial Share-Alike 4.0</license>
        <forum />
        <source />
        <assets>
            <icon>icon.png</icon>
            <fanart>fanart.jpg</fanart>
            <screenshot>resources/screenshot-01.jpg</screenshot>
            <screenshot>resources/screenshot-02.jpg</screenshot>
            <screenshot>resources/screenshot-03.jpg</screenshot>
            <screenshot>resources/screenshot-04.jpg</screenshot>
            <screenshot>resources/screenshot-05.jpg</screenshot>
            <screenshot>resources/screenshot-06.jpg</screenshot>
        </assets>
    </extension>
</addon>
